ts,commit,suite,exe,status,ciclos
2026-07-28T15:52:48+00:00,eca1d4b,amidog/cpu,psxtest_cpu.exe,sem-bios,
2026-07-28T15:52:48+00:00,eca1d4b,amidog/gte,psxtest_gte.exe,sem-bios,
2026-07-28T15:52:48+00:00,eca1d4b,ps1-tests/cdrom/disc-swap,disc-swap.exe,sem-bios,
2026-07-28T15:52:48+00:00,eca1d4b,ps1-tests/cdrom/getloc,getloc.exe,sem-bios,
2026-07-28T15:52:48+00:00,eca1d4b,ps1-tests/cdrom/terminal,terminal.exe,sem-bios,
2026-07-28T15:52:48+00:00,eca1d4b,ps1-tests/cdrom/timing,timing.exe,sem-bios,
2026-07-28T15:52:48+00:00,eca1d4b,ps1-tests/cpu/access-time,access-time.exe,sem-bios,
2026-07-28T15:52:48+00:00,eca1d4b,ps1-tests/cpu/code-in-io,code-in-io.exe,sem-bios,
2026-07-28T15:52:48+00:00,eca1d4b,ps1-tests/cpu/cop,cop.exe,sem-bios,
2026-07-28T15:52:48+00:00,eca1d4b,ps1-tests/cpu/io-access-bitwidth,io-access-bitwidth.exe,sem-bios,
2026-07-28T15:52:48+00:00,eca1d4b,ps1-tests/dma/chain-looping,chain-looping.exe,sem-bios,
2026-07-28T15:52:48+00:00,eca1d4b,ps1-tests/dma/chopping,chopping.exe,sem-bios,
2026-07-28T15:52:48+00:00,eca1d4b,ps1-tests/dma/dpcr,dpcr.exe,sem-bios,
2026-07-28T15:52:48+00:00,eca1d4b,ps1-tests/dma/otc-test,otc-test.exe,sem-bios,
2026-07-28T15:52:48+00:00,eca1d4b,ps1-tests/gpu/animated-triangle,animated-triangle.exe,sem-bios,
2026-07-28T15:52:48+00:00,eca1d4b,ps1-tests/gpu/bandwidth,bandwidth.exe,sem-bios,
2026-07-28T15:52:48+00:00,eca1d4b,ps1-tests/gpu/benchmark,benchmark.exe,sem-bios,
2026-07-28T15:52:48+00:00,eca1d4b,ps1-tests/gpu/clipping,clipping.exe,sem-bios,
2026-07-28T15:52:48+00:00,eca1d4b,ps1-tests/gpu/clut-cache,clut-cache.exe,sem-bios,
2026-07-28T15:52:48+00:00,eca1d4b,ps1-tests/gpu/gp0-e1,gp0-e1.exe,sem-bios,
2026-07-28T15:52:48+00:00,eca1d4b,ps1-tests/gpu/lines,lines.exe,sem-bios,
2026-07-28T15:52:48+00:00,eca1d4b,ps1-tests/gpu/mask-bit,mask-bit.exe,sem-bios,
2026-07-28T15:52:48+00:00,eca1d4b,ps1-tests/gpu/quad,quad.exe,sem-bios,
2026-07-28T15:52:48+00:00,eca1d4b,ps1-tests/gpu/rectangles,rectangles.exe,sem-bios,
2026-07-28T15:52:48+00:00,eca1d4b,ps1-tests/gpu/texture-flip,texture-flip.exe,sem-bios,
2026-07-28T15:52:48+00:00,eca1d4b,ps1-tests/gpu/texture-overflow,texture-overflow.exe,sem-bios,
2026-07-28T15:52:48+00:00,eca1d4b,ps1-tests/gpu/transparency,transparency.exe,sem-bios,
2026-07-28T15:52:48+00:00,eca1d4b,ps1-tests/gpu/triangle,triangle.exe,sem-bios,
2026-07-28T15:52:48+00:00,eca1d4b,ps1-tests/gpu/uv-interpolation,uv-interpolation.exe,sem-bios,
2026-07-28T15:52:48+00:00,eca1d4b,ps1-tests/gpu/version-detect,version-detect.exe,sem-bios,
2026-07-28T15:52:48+00:00,eca1d4b,ps1-tests/gpu/vram-to-vram-overlap,vram-to-vram-overlap.exe,sem-bios,
2026-07-28T15:52:48+00:00,eca1d4b,ps1-tests/gte-fuzz,gte-fuzz.exe,sem-bios,
2026-07-28T15:52:48+00:00,eca1d4b,ps1-tests/gte/test-all,test-all.exe,sem-bios,
2026-07-28T15:52:48+00:00,eca1d4b,ps1-tests/input/pad,pad.exe,sem-bios,
2026-07-28T15:52:48+00:00,eca1d4b,ps1-tests/mdec/4bit,4bit.exe,sem-bios,
2026-07-28T15:52:48+00:00,eca1d4b,ps1-tests/mdec/8bit,8bit.exe,sem-bios,
2026-07-28T15:52:48+00:00,eca1d4b,ps1-tests/mdec/frame,frame-15bit-dma.exe,sem-bios,
2026-07-28T15:52:48+00:00,eca1d4b,ps1-tests/mdec/frame,frame-15bit.exe,sem-bios,
2026-07-28T15:52:48+00:00,eca1d4b,ps1-tests/mdec/frame,frame-24bit-dma.exe,sem-bios,
2026-07-28T15:52:48+00:00,eca1d4b,ps1-tests/mdec/frame,frame-24bit.exe,sem-bios,
2026-07-28T15:52:48+00:00,eca1d4b,ps1-tests/mdec/movie,movie-15bit.exe,sem-bios,
2026-07-28T15:52:48+00:00,eca1d4b,ps1-tests/mdec/movie,movie-24bit.exe,sem-bios,
2026-07-28T15:52:48+00:00,eca1d4b,ps1-tests/mdec/step-by-step-log,step-by-step-log.exe,sem-bios,
2026-07-28T15:52:48+00:00,eca1d4b,ps1-tests/spu/memory-transfer,memory-transfer.exe,sem-bios,
2026-07-28T15:52:48+00:00,eca1d4b,ps1-tests/spu/ram-sandbox,ram-sandbox.exe,sem-bios,
2026-07-28T15:52:48+00:00,eca1d4b,ps1-tests/spu/stereo,stereo.exe,sem-bios,
2026-07-28T15:52:48+00:00,eca1d4b,ps1-tests/spu/test,test.exe,sem-bios,
2026-07-28T15:52:48+00:00,eca1d4b,ps1-tests/spu/toolbox,toolbox.exe,sem-bios,
2026-07-28T15:52:48+00:00,eca1d4b,ps1-tests/timer-dump,timer-dump.exe,sem-bios,
2026-07-28T15:52:48+00:00,eca1d4b,ps1-tests/timers,timers.exe,sem-bios,
2026-07-28T15:52:48+00:00,eca1d4b,ps1-tests/tools/diffvram,diffvram-windows-amd64.exe,sem-bios,
2026-07-28T16:05:12+00:00,813f274,amidog/cpu,psxtest_cpu.exe,sem-bios,
2026-07-28T16:05:12+00:00,813f274,amidog/gte,psxtest_gte.exe,sem-bios,
2026-07-28T16:05:12+00:00,813f274,ps1-tests/cdrom/disc-swap,disc-swap.exe,sem-bios,
2026-07-28T16:05:12+00:00,813f274,ps1-tests/cdrom/getloc,getloc.exe,sem-bios,
2026-07-28T16:05:12+00:00,813f274,ps1-tests/cdrom/terminal,terminal.exe,sem-bios,
2026-07-28T16:05:12+00:00,813f274,ps1-tests/cdrom/timing,timing.exe,sem-bios,
2026-07-28T16:05:12+00:00,813f274,ps1-tests/cpu/access-time,access-time.exe,sem-bios,
2026-07-28T16:05:12+00:00,813f274,ps1-tests/cpu/code-in-io,code-in-io.exe,sem-bios,
2026-07-28T16:05:12+00:00,813f274,ps1-tests/cpu/cop,cop.exe,sem-bios,
2026-07-28T16:05:12+00:00,813f274,ps1-tests/cpu/io-access-bitwidth,io-access-bitwidth.exe,sem-bios,
2026-07-28T16:05:12+00:00,813f274,ps1-tests/dma/chain-looping,chain-looping.exe,sem-bios,
2026-07-28T16:05:12+00:00,813f274,ps1-tests/dma/chopping,chopping.exe,sem-bios,
2026-07-28T16:05:12+00:00,813f274,ps1-tests/dma/dpcr,dpcr.exe,sem-bios,
2026-07-28T16:05:12+00:00,813f274,ps1-tests/dma/otc-test,otc-test.exe,sem-bios,
2026-07-28T16:05:12+00:00,813f274,ps1-tests/gpu/animated-triangle,animated-triangle.exe,sem-bios,
2026-07-28T16:05:12+00:00,813f274,ps1-tests/gpu/bandwidth,bandwidth.exe,sem-bios,
2026-07-28T16:05:12+00:00,813f274,ps1-tests/gpu/benchmark,benchmark.exe,sem-bios,
2026-07-28T16:05:12+00:00,813f274,ps1-tests/gpu/clipping,clipping.exe,sem-bios,
2026-07-28T16:05:12+00:00,813f274,ps1-tests/gpu/clut-cache,clut-cache.exe,sem-bios,
2026-07-28T16:05:12+00:00,813f274,ps1-tests/gpu/gp0-e1,gp0-e1.exe,sem-bios,
2026-07-28T16:05:12+00:00,813f274,ps1-tests/gpu/lines,lines.exe,sem-bios,
2026-07-28T16:05:12+00:00,813f274,ps1-tests/gpu/mask-bit,mask-bit.exe,sem-bios,
2026-07-28T16:05:12+00:00,813f274,ps1-tests/gpu/quad,quad.exe,sem-bios,
2026-07-28T16:05:12+00:00,813f274,ps1-tests/gpu/rectangles,rectangles.exe,sem-bios,
2026-07-28T16:05:12+00:00,813f274,ps1-tests/gpu/texture-flip,texture-flip.exe,sem-bios,
2026-07-28T16:05:12+00:00,813f274,ps1-tests/gpu/texture-overflow,texture-overflow.exe,sem-bios,
2026-07-28T16:05:12+00:00,813f274,ps1-tests/gpu/transparency,transparency.exe,sem-bios,
2026-07-28T16:05:12+00:00,813f274,ps1-tests/gpu/triangle,triangle.exe,sem-bios,
2026-07-28T16:05:12+00:00,813f274,ps1-tests/gpu/uv-interpolation,uv-interpolation.exe,sem-bios,
2026-07-28T16:05:12+00:00,813f274,ps1-tests/gpu/version-detect,version-detect.exe,sem-bios,
2026-07-28T16:05:12+00:00,813f274,ps1-tests/gpu/vram-to-vram-overlap,vram-to-vram-overlap.exe,sem-bios,
2026-07-28T16:05:12+00:00,813f274,ps1-tests/gte-fuzz,gte-fuzz.exe,sem-bios,
2026-07-28T16:05:12+00:00,813f274,ps1-tests/gte/test-all,test-all.exe,sem-bios,
2026-07-28T16:05:12+00:00,813f274,ps1-tests/input/pad,pad.exe,sem-bios,
2026-07-28T16:05:12+00:00,813f274,ps1-tests/mdec/4bit,4bit.exe,sem-bios,
2026-07-28T16:05:12+00:00,813f274,ps1-tests/mdec/8bit,8bit.exe,sem-bios,
2026-07-28T16:05:12+00:00,813f274,ps1-tests/mdec/frame,frame-15bit-dma.exe,sem-bios,
2026-07-28T16:05:12+00:00,813f274,ps1-tests/mdec/frame,frame-15bit.exe,sem-bios,
2026-07-28T16:05:12+00:00,813f274,ps1-tests/mdec/frame,frame-24bit-dma.exe,sem-bios,
2026-07-28T16:05:12+00:00,813f274,ps1-tests/mdec/frame,frame-24bit.exe,sem-bios,
2026-07-28T16:05:12+00:00,813f274,ps1-tests/mdec/movie,movie-15bit.exe,sem-bios,
2026-07-28T16:05:12+00:00,813f274,ps1-tests/mdec/movie,movie-24bit.exe,sem-bios,
2026-07-28T16:05:12+00:00,813f274,ps1-tests/mdec/step-by-step-log,step-by-step-log.exe,sem-bios,
2026-07-28T16:05:12+00:00,813f274,ps1-tests/spu/memory-transfer,memory-transfer.exe,sem-bios,
2026-07-28T16:05:12+00:00,813f274,ps1-tests/spu/ram-sandbox,ram-sandbox.exe,sem-bios,
2026-07-28T16:05:12+00:00,813f274,ps1-tests/spu/stereo,stereo.exe,sem-bios,
2026-07-28T16:05:12+00:00,813f274,ps1-tests/spu/test,test.exe,sem-bios,
2026-07-28T16:05:12+00:00,813f274,ps1-tests/spu/toolbox,toolbox.exe,sem-bios,
2026-07-28T16:05:12+00:00,813f274,ps1-tests/timer-dump,timer-dump.exe,sem-bios,
2026-07-28T16:05:12+00:00,813f274,ps1-tests/timers,timers.exe,sem-bios,
2026-07-28T16:05:12+00:00,813f274,ps1-tests/tools/diffvram,diffvram-windows-amd64.exe,sem-bios,
2026-07-28T16:25:35+00:00,da29146,amidog/cpu,psxtest_cpu.exe,sem-bios,
2026-07-28T16:25:35+00:00,da29146,amidog/gte,psxtest_gte.exe,sem-bios,
2026-07-28T16:25:35+00:00,da29146,ps1-tests/cdrom/disc-swap,disc-swap.exe,sem-bios,
2026-07-28T16:25:35+00:00,da29146,ps1-tests/cdrom/getloc,getloc.exe,sem-bios,
2026-07-28T16:25:35+00:00,da29146,ps1-tests/cdrom/terminal,terminal.exe,sem-bios,
2026-07-28T16:25:35+00:00,da29146,ps1-tests/cdrom/timing,timing.exe,sem-bios,
2026-07-28T16:25:35+00:00,da29146,ps1-tests/cpu/access-time,access-time.exe,sem-bios,
2026-07-28T16:25:35+00:00,da29146,ps1-tests/cpu/code-in-io,code-in-io.exe,sem-bios,
2026-07-28T16:25:35+00:00,da29146,ps1-tests/cpu/cop,cop.exe,sem-bios,
2026-07-28T16:25:35+00:00,da29146,ps1-tests/cpu/io-access-bitwidth,io-access-bitwidth.exe,sem-bios,
2026-07-28T16:25:35+00:00,da29146,ps1-tests/dma/chain-looping,chain-looping.exe,sem-bios,
2026-07-28T16:25:35+00:00,da29146,ps1-tests/dma/chopping,chopping.exe,sem-bios,
2026-07-28T16:25:35+00:00,da29146,ps1-tests/dma/dpcr,dpcr.exe,sem-bios,
2026-07-28T16:25:35+00:00,da29146,ps1-tests/dma/otc-test,otc-test.exe,sem-bios,
2026-07-28T16:25:35+00:00,da29146,ps1-tests/gpu/animated-triangle,animated-triangle.exe,sem-bios,
2026-07-28T16:25:35+00:00,da29146,ps1-tests/gpu/bandwidth,bandwidth.exe,sem-bios,
2026-07-28T16:25:35+00:00,da29146,ps1-tests/gpu/benchmark,benchmark.exe,sem-bios,
2026-07-28T16:25:35+00:00,da29146,ps1-tests/gpu/clipping,clipping.exe,sem-bios,
2026-07-28T16:25:35+00:00,da29146,ps1-tests/gpu/clut-cache,clut-cache.exe,sem-bios,
2026-07-28T16:25:35+00:00,da29146,ps1-tests/gpu/gp0-e1,gp0-e1.exe,sem-bios,
2026-07-28T16:25:35+00:00,da29146,ps1-tests/gpu/lines,lines.exe,sem-bios,
2026-07-28T16:25:35+00:00,da29146,ps1-tests/gpu/mask-bit,mask-bit.exe,sem-bios,
2026-07-28T16:25:35+00:00,da29146,ps1-tests/gpu/quad,quad.exe,sem-bios,
2026-07-28T16:25:35+00:00,da29146,ps1-tests/gpu/rectangles,rectangles.exe,sem-bios,
2026-07-28T16:25:35+00:00,da29146,ps1-tests/gpu/texture-flip,texture-flip.exe,sem-bios,
2026-07-28T16:25:35+00:00,da29146,ps1-tests/gpu/texture-overflow,texture-overflow.exe,sem-bios,
2026-07-28T16:25:35+00:00,da29146,ps1-tests/gpu/transparency,transparency.exe,sem-bios,
2026-07-28T16:25:35+00:00,da29146,ps1-tests/gpu/triangle,triangle.exe,sem-bios,
2026-07-28T16:25:35+00:00,da29146,ps1-tests/gpu/uv-interpolation,uv-interpolation.exe,sem-bios,
2026-07-28T16:25:35+00:00,da29146,ps1-tests/gpu/version-detect,version-detect.exe,sem-bios,
2026-07-28T16:25:35+00:00,da29146,ps1-tests/gpu/vram-to-vram-overlap,vram-to-vram-overlap.exe,sem-bios,
2026-07-28T16:25:35+00:00,da29146,ps1-tests/gte-fuzz,gte-fuzz.exe,sem-bios,
2026-07-28T16:25:35+00:00,da29146,ps1-tests/gte/test-all,test-all.exe,sem-bios,
2026-07-28T16:25:35+00:00,da29146,ps1-tests/input/pad,pad.exe,sem-bios,
2026-07-28T16:25:35+00:00,da29146,ps1-tests/mdec/4bit,4bit.exe,sem-bios,
2026-07-28T16:25:35+00:00,da29146,ps1-tests/mdec/8bit,8bit.exe,sem-bios,
2026-07-28T16:25:35+00:00,da29146,ps1-tests/mdec/frame,frame-15bit-dma.exe,sem-bios,
2026-07-28T16:25:35+00:00,da29146,ps1-tests/mdec/frame,frame-15bit.exe,sem-bios,
2026-07-28T16:25:35+00:00,da29146,ps1-tests/mdec/frame,frame-24bit-dma.exe,sem-bios,
2026-07-28T16:25:35+00:00,da29146,ps1-tests/mdec/frame,frame-24bit.exe,sem-bios,
2026-07-28T16:25:35+00:00,da29146,ps1-tests/mdec/movie,movie-15bit.exe,sem-bios,
2026-07-28T16:25:35+00:00,da29146,ps1-tests/mdec/movie,movie-24bit.exe,sem-bios,
2026-07-28T16:25:35+00:00,da29146,ps1-tests/mdec/step-by-step-log,step-by-step-log.exe,sem-bios,
2026-07-28T16:25:35+00:00,da29146,ps1-tests/spu/memory-transfer,memory-transfer.exe,sem-bios,
2026-07-28T16:25:35+00:00,da29146,ps1-tests/spu/ram-sandbox,ram-sandbox.exe,sem-bios,
2026-07-28T16:25:35+00:00,da29146,ps1-tests/spu/stereo,stereo.exe,sem-bios,
2026-07-28T16:25:35+00:00,da29146,ps1-tests/spu/test,test.exe,sem-bios,
2026-07-28T16:25:35+00:00,da29146,ps1-tests/spu/toolbox,toolbox.exe,sem-bios,
2026-07-28T16:25:35+00:00,da29146,ps1-tests/timer-dump,timer-dump.exe,sem-bios,
2026-07-28T16:25:35+00:00,da29146,ps1-tests/timers,timers.exe,sem-bios,
2026-07-28T16:25:35+00:00,da29146,ps1-tests/tools/diffvram,diffvram-windows-amd64.exe,sem-bios,
2026-07-28T16:30:42+00:00,58d656f,amidog/cpu,psxtest_cpu.exe,sem-bios,
2026-07-28T16:30:42+00:00,58d656f,amidog/gte,psxtest_gte.exe,sem-bios,
2026-07-28T16:30:42+00:00,58d656f,ps1-tests/cdrom/disc-swap,disc-swap.exe,sem-bios,
2026-07-28T16:30:42+00:00,58d656f,ps1-tests/cdrom/getloc,getloc.exe,sem-bios,
2026-07-28T16:30:42+00:00,58d656f,ps1-tests/cdrom/terminal,terminal.exe,sem-bios,
2026-07-28T16:30:42+00:00,58d656f,ps1-tests/cdrom/timing,timing.exe,sem-bios,
2026-07-28T16:30:42+00:00,58d656f,ps1-tests/cpu/access-time,access-time.exe,sem-bios,
2026-07-28T16:30:42+00:00,58d656f,ps1-tests/cpu/code-in-io,code-in-io.exe,sem-bios,
2026-07-28T16:30:42+00:00,58d656f,ps1-tests/cpu/cop,cop.exe,sem-bios,
2026-07-28T16:30:42+00:00,58d656f,ps1-tests/cpu/io-access-bitwidth,io-access-bitwidth.exe,sem-bios,
2026-07-28T16:30:42+00:00,58d656f,ps1-tests/dma/chain-looping,chain-looping.exe,sem-bios,
2026-07-28T16:30:42+00:00,58d656f,ps1-tests/dma/chopping,chopping.exe,sem-bios,
2026-07-28T16:30:42+00:00,58d656f,ps1-tests/dma/dpcr,dpcr.exe,sem-bios,
2026-07-28T16:30:42+00:00,58d656f,ps1-tests/dma/otc-test,otc-test.exe,sem-bios,
2026-07-28T16:30:42+00:00,58d656f,ps1-tests/gpu/animated-triangle,animated-triangle.exe,sem-bios,
2026-07-28T16:30:42+00:00,58d656f,ps1-tests/gpu/bandwidth,bandwidth.exe,sem-bios,
2026-07-28T16:30:42+00:00,58d656f,ps1-tests/gpu/benchmark,benchmark.exe,sem-bios,
2026-07-28T16:30:42+00:00,58d656f,ps1-tests/gpu/clipping,clipping.exe,sem-bios,
2026-07-28T16:30:42+00:00,58d656f,ps1-tests/gpu/clut-cache,clut-cache.exe,sem-bios,
2026-07-28T16:30:42+00:00,58d656f,ps1-tests/gpu/gp0-e1,gp0-e1.exe,sem-bios,
2026-07-28T16:30:42+00:00,58d656f,ps1-tests/gpu/lines,lines.exe,sem-bios,
2026-07-28T16:30:42+00:00,58d656f,ps1-tests/gpu/mask-bit,mask-bit.exe,sem-bios,
2026-07-28T16:30:42+00:00,58d656f,ps1-tests/gpu/quad,quad.exe,sem-bios,
2026-07-28T16:30:42+00:00,58d656f,ps1-tests/gpu/rectangles,rectangles.exe,sem-bios,
2026-07-28T16:30:42+00:00,58d656f,ps1-tests/gpu/texture-flip,texture-flip.exe,sem-bios,
2026-07-28T16:30:42+00:00,58d656f,ps1-tests/gpu/texture-overflow,texture-overflow.exe,sem-bios,
2026-07-28T16:30:42+00:00,58d656f,ps1-tests/gpu/transparency,transparency.exe,sem-bios,
2026-07-28T16:30:42+00:00,58d656f,ps1-tests/gpu/triangle,triangle.exe,sem-bios,
2026-07-28T16:30:42+00:00,58d656f,ps1-tests/gpu/uv-interpolation,uv-interpolation.exe,sem-bios,
2026-07-28T16:30:42+00:00,58d656f,ps1-tests/gpu/version-detect,version-detect.exe,sem-bios,
2026-07-28T16:30:42+00:00,58d656f,ps1-tests/gpu/vram-to-vram-overlap,vram-to-vram-overlap.exe,sem-bios,
2026-07-28T16:30:42+00:00,58d656f,ps1-tests/gte-fuzz,gte-fuzz.exe,sem-bios,
2026-07-28T16:30:42+00:00,58d656f,ps1-tests/gte/test-all,test-all.exe,sem-bios,
2026-07-28T16:30:42+00:00,58d656f,ps1-tests/input/pad,pad.exe,sem-bios,
2026-07-28T16:30:42+00:00,58d656f,ps1-tests/mdec/4bit,4bit.exe,sem-bios,
2026-07-28T16:30:42+00:00,58d656f,ps1-tests/mdec/8bit,8bit.exe,sem-bios,
2026-07-28T16:30:42+00:00,58d656f,ps1-tests/mdec/frame,frame-15bit-dma.exe,sem-bios,
2026-07-28T16:30:42+00:00,58d656f,ps1-tests/mdec/frame,frame-15bit.exe,sem-bios,
2026-07-28T16:30:42+00:00,58d656f,ps1-tests/mdec/frame,frame-24bit-dma.exe,sem-bios,
2026-07-28T16:30:42+00:00,58d656f,ps1-tests/mdec/frame,frame-24bit.exe,sem-bios,
2026-07-28T16:30:42+00:00,58d656f,ps1-tests/mdec/movie,movie-15bit.exe,sem-bios,
2026-07-28T16:30:42+00:00,58d656f,ps1-tests/mdec/movie,movie-24bit.exe,sem-bios,
2026-07-28T16:30:42+00:00,58d656f,ps1-tests/mdec/step-by-step-log,step-by-step-log.exe,sem-bios,
2026-07-28T16:30:42+00:00,58d656f,ps1-tests/spu/memory-transfer,memory-transfer.exe,sem-bios,
2026-07-28T16:30:42+00:00,58d656f,ps1-tests/spu/ram-sandbox,ram-sandbox.exe,sem-bios,
2026-07-28T16:30:42+00:00,58d656f,ps1-tests/spu/stereo,stereo.exe,sem-bios,
2026-07-28T16:30:42+00:00,58d656f,ps1-tests/spu/test,test.exe,sem-bios,
2026-07-28T16:30:42+00:00,58d656f,ps1-tests/spu/toolbox,toolbox.exe,sem-bios,
2026-07-28T16:30:42+00:00,58d656f,ps1-tests/timer-dump,timer-dump.exe,sem-bios,
2026-07-28T16:30:42+00:00,58d656f,ps1-tests/timers,timers.exe,sem-bios,
2026-07-28T16:30:42+00:00,58d656f,ps1-tests/tools/diffvram,diffvram-windows-amd64.exe,sem-bios,
2026-07-28T17:01:09+00:00,7c6cf84,amidog/cpu,psxtest_cpu.exe,sem-bios,
2026-07-28T17:01:09+00:00,7c6cf84,amidog/gte,psxtest_gte.exe,sem-bios,
2026-07-28T17:01:09+00:00,7c6cf84,ps1-tests/cdrom/disc-swap,disc-swap.exe,sem-bios,
2026-07-28T17:01:09+00:00,7c6cf84,ps1-tests/cdrom/getloc,getloc.exe,sem-bios,
2026-07-28T17:01:09+00:00,7c6cf84,ps1-tests/cdrom/terminal,terminal.exe,sem-bios,
2026-07-28T17:01:09+00:00,7c6cf84,ps1-tests/cdrom/timing,timing.exe,sem-bios,
2026-07-28T17:01:09+00:00,7c6cf84,ps1-tests/cpu/access-time,access-time.exe,sem-bios,
2026-07-28T17:01:09+00:00,7c6cf84,ps1-tests/cpu/code-in-io,code-in-io.exe,sem-bios,
2026-07-28T17:01:09+00:00,7c6cf84,ps1-tests/cpu/cop,cop.exe,sem-bios,
2026-07-28T17:01:09+00:00,7c6cf84,ps1-tests/cpu/io-access-bitwidth,io-access-bitwidth.exe,sem-bios,
2026-07-28T17:01:09+00:00,7c6cf84,ps1-tests/dma/chain-looping,chain-looping.exe,sem-bios,
2026-07-28T17:01:09+00:00,7c6cf84,ps1-tests/dma/chopping,chopping.exe,sem-bios,
2026-07-28T17:01:09+00:00,7c6cf84,ps1-tests/dma/dpcr,dpcr.exe,sem-bios,
2026-07-28T17:01:09+00:00,7c6cf84,ps1-tests/dma/otc-test,otc-test.exe,sem-bios,
2026-07-28T17:01:09+00:00,7c6cf84,ps1-tests/gpu/animated-triangle,animated-triangle.exe,sem-bios,
2026-07-28T17:01:09+00:00,7c6cf84,ps1-tests/gpu/bandwidth,bandwidth.exe,sem-bios,
2026-07-28T17:01:09+00:00,7c6cf84,ps1-tests/gpu/benchmark,benchmark.exe,sem-bios,
2026-07-28T17:01:09+00:00,7c6cf84,ps1-tests/gpu/clipping,clipping.exe,sem-bios,
2026-07-28T17:01:09+00:00,7c6cf84,ps1-tests/gpu/clut-cache,clut-cache.exe,sem-bios,
2026-07-28T17:01:09+00:00,7c6cf84,ps1-tests/gpu/gp0-e1,gp0-e1.exe,sem-bios,
2026-07-28T17:01:09+00:00,7c6cf84,ps1-tests/gpu/lines,lines.exe,sem-bios,
2026-07-28T17:01:09+00:00,7c6cf84,ps1-tests/gpu/mask-bit,mask-bit.exe,sem-bios,
2026-07-28T17:01:09+00:00,7c6cf84,ps1-tests/gpu/quad,quad.exe,sem-bios,
2026-07-28T17:01:09+00:00,7c6cf84,ps1-tests/gpu/rectangles,rectangles.exe,sem-bios,
2026-07-28T17:01:09+00:00,7c6cf84,ps1-tests/gpu/texture-flip,texture-flip.exe,sem-bios,
2026-07-28T17:01:09+00:00,7c6cf84,ps1-tests/gpu/texture-overflow,texture-overflow.exe,sem-bios,
2026-07-28T17:01:09+00:00,7c6cf84,ps1-tests/gpu/transparency,transparency.exe,sem-bios,
2026-07-28T17:01:09+00:00,7c6cf84,ps1-tests/gpu/triangle,triangle.exe,sem-bios,
2026-07-28T17:01:09+00:00,7c6cf84,ps1-tests/gpu/uv-interpolation,uv-interpolation.exe,sem-bios,
2026-07-28T17:01:09+00:00,7c6cf84,ps1-tests/gpu/version-detect,version-detect.exe,sem-bios,
2026-07-28T17:01:09+00:00,7c6cf84,ps1-tests/gpu/vram-to-vram-overlap,vram-to-vram-overlap.exe,sem-bios,
2026-07-28T17:01:09+00:00,7c6cf84,ps1-tests/gte-fuzz,gte-fuzz.exe,sem-bios,
2026-07-28T17:01:09+00:00,7c6cf84,ps1-tests/gte/test-all,test-all.exe,sem-bios,
2026-07-28T17:01:09+00:00,7c6cf84,ps1-tests/input/pad,pad.exe,sem-bios,
2026-07-28T17:01:09+00:00,7c6cf84,ps1-tests/mdec/4bit,4bit.exe,sem-bios,
2026-07-28T17:01:09+00:00,7c6cf84,ps1-tests/mdec/8bit,8bit.exe,sem-bios,
2026-07-28T17:01:09+00:00,7c6cf84,ps1-tests/mdec/frame,frame-15bit-dma.exe,sem-bios,
2026-07-28T17:01:09+00:00,7c6cf84,ps1-tests/mdec/frame,frame-15bit.exe,sem-bios,
2026-07-28T17:01:09+00:00,7c6cf84,ps1-tests/mdec/frame,frame-24bit-dma.exe,sem-bios,
2026-07-28T17:01:09+00:00,7c6cf84,ps1-tests/mdec/frame,frame-24bit.exe,sem-bios,
2026-07-28T17:01:09+00:00,7c6cf84,ps1-tests/mdec/movie,movie-15bit.exe,sem-bios,
2026-07-28T17:01:09+00:00,7c6cf84,ps1-tests/mdec/movie,movie-24bit.exe,sem-bios,
2026-07-28T17:01:09+00:00,7c6cf84,ps1-tests/mdec/step-by-step-log,step-by-step-log.exe,sem-bios,
2026-07-28T17:01:09+00:00,7c6cf84,ps1-tests/spu/memory-transfer,memory-transfer.exe,sem-bios,
2026-07-28T17:01:09+00:00,7c6cf84,ps1-tests/spu/ram-sandbox,ram-sandbox.exe,sem-bios,
2026-07-28T17:01:09+00:00,7c6cf84,ps1-tests/spu/stereo,stereo.exe,sem-bios,
2026-07-28T17:01:09+00:00,7c6cf84,ps1-tests/spu/test,test.exe,sem-bios,
2026-07-28T17:01:09+00:00,7c6cf84,ps1-tests/spu/toolbox,toolbox.exe,sem-bios,
2026-07-28T17:01:09+00:00,7c6cf84,ps1-tests/timer-dump,timer-dump.exe,sem-bios,
2026-07-28T17:01:09+00:00,7c6cf84,ps1-tests/timers,timers.exe,sem-bios,
2026-07-28T17:01:09+00:00,7c6cf84,ps1-tests/tools/diffvram,diffvram-windows-amd64.exe,sem-bios,
2026-07-28T18:51:27+00:00,aba3507,amidog/cpu,psxtest_cpu.exe,sem-bios,
2026-07-28T18:51:27+00:00,aba3507,amidog/gte,psxtest_gte.exe,sem-bios,
2026-07-28T18:51:27+00:00,aba3507,ps1-tests/cdrom/disc-swap,disc-swap.exe,sem-bios,
2026-07-28T18:51:27+00:00,aba3507,ps1-tests/cdrom/getloc,getloc.exe,sem-bios,
2026-07-28T18:51:27+00:00,aba3507,ps1-tests/cdrom/terminal,terminal.exe,sem-bios,
2026-07-28T18:51:27+00:00,aba3507,ps1-tests/cdrom/timing,timing.exe,sem-bios,
2026-07-28T18:51:27+00:00,aba3507,ps1-tests/cpu/access-time,access-time.exe,sem-bios,
2026-07-28T18:51:27+00:00,aba3507,ps1-tests/cpu/code-in-io,code-in-io.exe,sem-bios,
2026-07-28T18:51:27+00:00,aba3507,ps1-tests/cpu/cop,cop.exe,sem-bios,
2026-07-28T18:51:27+00:00,aba3507,ps1-tests/cpu/io-access-bitwidth,io-access-bitwidth.exe,sem-bios,
2026-07-28T18:51:27+00:00,aba3507,ps1-tests/dma/chain-looping,chain-looping.exe,sem-bios,
2026-07-28T18:51:27+00:00,aba3507,ps1-tests/dma/chopping,chopping.exe,sem-bios,
2026-07-28T18:51:27+00:00,aba3507,ps1-tests/dma/dpcr,dpcr.exe,sem-bios,
2026-07-28T18:51:27+00:00,aba3507,ps1-tests/dma/otc-test,otc-test.exe,sem-bios,
2026-07-28T18:51:27+00:00,aba3507,ps1-tests/gpu/animated-triangle,animated-triangle.exe,sem-bios,
2026-07-28T18:51:27+00:00,aba3507,ps1-tests/gpu/bandwidth,bandwidth.exe,sem-bios,
2026-07-28T18:51:27+00:00,aba3507,ps1-tests/gpu/benchmark,benchmark.exe,sem-bios,
2026-07-28T18:51:27+00:00,aba3507,ps1-tests/gpu/clipping,clipping.exe,sem-bios,
2026-07-28T18:51:27+00:00,aba3507,ps1-tests/gpu/clut-cache,clut-cache.exe,sem-bios,
2026-07-28T18:51:27+00:00,aba3507,ps1-tests/gpu/gp0-e1,gp0-e1.exe,sem-bios,
2026-07-28T18:51:27+00:00,aba3507,ps1-tests/gpu/lines,lines.exe,sem-bios,
2026-07-28T18:51:27+00:00,aba3507,ps1-tests/gpu/mask-bit,mask-bit.exe,sem-bios,
2026-07-28T18:51:27+00:00,aba3507,ps1-tests/gpu/quad,quad.exe,sem-bios,
2026-07-28T18:51:27+00:00,aba3507,ps1-tests/gpu/rectangles,rectangles.exe,sem-bios,
2026-07-28T18:51:27+00:00,aba3507,ps1-tests/gpu/texture-flip,texture-flip.exe,sem-bios,
2026-07-28T18:51:27+00:00,aba3507,ps1-tests/gpu/texture-overflow,texture-overflow.exe,sem-bios,
2026-07-28T18:51:27+00:00,aba3507,ps1-tests/gpu/transparency,transparency.exe,sem-bios,
2026-07-28T18:51:27+00:00,aba3507,ps1-tests/gpu/triangle,triangle.exe,sem-bios,
2026-07-28T18:51:27+00:00,aba3507,ps1-tests/gpu/uv-interpolation,uv-interpolation.exe,sem-bios,
2026-07-28T18:51:27+00:00,aba3507,ps1-tests/gpu/version-detect,version-detect.exe,sem-bios,
2026-07-28T18:51:27+00:00,aba3507,ps1-tests/gpu/vram-to-vram-overlap,vram-to-vram-overlap.exe,sem-bios,
2026-07-28T18:51:27+00:00,aba3507,ps1-tests/gte-fuzz,gte-fuzz.exe,sem-bios,
2026-07-28T18:51:27+00:00,aba3507,ps1-tests/gte/test-all,test-all.exe,sem-bios,
2026-07-28T18:51:27+00:00,aba3507,ps1-tests/input/pad,pad.exe,sem-bios,
2026-07-28T18:51:27+00:00,aba3507,ps1-tests/mdec/4bit,4bit.exe,sem-bios,
2026-07-28T18:51:27+00:00,aba3507,ps1-tests/mdec/8bit,8bit.exe,sem-bios,
2026-07-28T18:51:27+00:00,aba3507,ps1-tests/mdec/frame,frame-15bit-dma.exe,sem-bios,
2026-07-28T18:51:27+00:00,aba3507,ps1-tests/mdec/frame,frame-15bit.exe,sem-bios,
2026-07-28T18:51:27+00:00,aba3507,ps1-tests/mdec/frame,frame-24bit-dma.exe,sem-bios,
2026-07-28T18:51:27+00:00,aba3507,ps1-tests/mdec/frame,frame-24bit.exe,sem-bios,
2026-07-28T18:51:27+00:00,aba3507,ps1-tests/mdec/movie,movie-15bit.exe,sem-bios,
2026-07-28T18:51:27+00:00,aba3507,ps1-tests/mdec/movie,movie-24bit.exe,sem-bios,
2026-07-28T18:51:27+00:00,aba3507,ps1-tests/mdec/step-by-step-log,step-by-step-log.exe,sem-bios,
2026-07-28T18:51:27+00:00,aba3507,ps1-tests/spu/memory-transfer,memory-transfer.exe,sem-bios,
2026-07-28T18:51:27+00:00,aba3507,ps1-tests/spu/ram-sandbox,ram-sandbox.exe,sem-bios,
2026-07-28T18:51:27+00:00,aba3507,ps1-tests/spu/stereo,stereo.exe,sem-bios,
2026-07-28T18:51:27+00:00,aba3507,ps1-tests/spu/test,test.exe,sem-bios,
2026-07-28T18:51:27+00:00,aba3507,ps1-tests/spu/toolbox,toolbox.exe,sem-bios,
2026-07-28T18:51:27+00:00,aba3507,ps1-tests/timer-dump,timer-dump.exe,sem-bios,
2026-07-28T18:51:27+00:00,aba3507,ps1-tests/timers,timers.exe,sem-bios,
2026-07-28T18:51:27+00:00,aba3507,ps1-tests/tools/diffvram,diffvram-windows-amd64.exe,sem-bios,
2026-07-28T18:58:24+00:00,796f9ce,amidog/cpu,psxtest_cpu.exe,sem-bios,
2026-07-28T18:58:24+00:00,796f9ce,amidog/gte,psxtest_gte.exe,sem-bios,
2026-07-28T18:58:24+00:00,796f9ce,ps1-tests/cdrom/disc-swap,disc-swap.exe,sem-bios,
2026-07-28T18:58:24+00:00,796f9ce,ps1-tests/cdrom/getloc,getloc.exe,sem-bios,
2026-07-28T18:58:24+00:00,796f9ce,ps1-tests/cdrom/terminal,terminal.exe,sem-bios,
2026-07-28T18:58:24+00:00,796f9ce,ps1-tests/cdrom/timing,timing.exe,sem-bios,
2026-07-28T18:58:24+00:00,796f9ce,ps1-tests/cpu/access-time,access-time.exe,sem-bios,
2026-07-28T18:58:24+00:00,796f9ce,ps1-tests/cpu/code-in-io,code-in-io.exe,sem-bios,
2026-07-28T18:58:24+00:00,796f9ce,ps1-tests/cpu/cop,cop.exe,sem-bios,
2026-07-28T18:58:24+00:00,796f9ce,ps1-tests/cpu/io-access-bitwidth,io-access-bitwidth.exe,sem-bios,
2026-07-28T18:58:24+00:00,796f9ce,ps1-tests/dma/chain-looping,chain-looping.exe,sem-bios,
2026-07-28T18:58:24+00:00,796f9ce,ps1-tests/dma/chopping,chopping.exe,sem-bios,
2026-07-28T18:58:24+00:00,796f9ce,ps1-tests/dma/dpcr,dpcr.exe,sem-bios,
2026-07-28T18:58:24+00:00,796f9ce,ps1-tests/dma/otc-test,otc-test.exe,sem-bios,
2026-07-28T18:58:24+00:00,796f9ce,ps1-tests/gpu/animated-triangle,animated-triangle.exe,sem-bios,
2026-07-28T18:58:24+00:00,796f9ce,ps1-tests/gpu/bandwidth,bandwidth.exe,sem-bios,
2026-07-28T18:58:24+00:00,796f9ce,ps1-tests/gpu/benchmark,benchmark.exe,sem-bios,
2026-07-28T18:58:24+00:00,796f9ce,ps1-tests/gpu/clipping,clipping.exe,sem-bios,
2026-07-28T18:58:24+00:00,796f9ce,ps1-tests/gpu/clut-cache,clut-cache.exe,sem-bios,
2026-07-28T18:58:24+00:00,796f9ce,ps1-tests/gpu/gp0-e1,gp0-e1.exe,sem-bios,
2026-07-28T18:58:24+00:00,796f9ce,ps1-tests/gpu/lines,lines.exe,sem-bios,
2026-07-28T18:58:24+00:00,796f9ce,ps1-tests/gpu/mask-bit,mask-bit.exe,sem-bios,
2026-07-28T18:58:24+00:00,796f9ce,ps1-tests/gpu/quad,quad.exe,sem-bios,
2026-07-28T18:58:24+00:00,796f9ce,ps1-tests/gpu/rectangles,rectangles.exe,sem-bios,
2026-07-28T18:58:24+00:00,796f9ce,ps1-tests/gpu/texture-flip,texture-flip.exe,sem-bios,
2026-07-28T18:58:24+00:00,796f9ce,ps1-tests/gpu/texture-overflow,texture-overflow.exe,sem-bios,
2026-07-28T18:58:24+00:00,796f9ce,ps1-tests/gpu/transparency,transparency.exe,sem-bios,
2026-07-28T18:58:24+00:00,796f9ce,ps1-tests/gpu/triangle,triangle.exe,sem-bios,
2026-07-28T18:58:24+00:00,796f9ce,ps1-tests/gpu/uv-interpolation,uv-interpolation.exe,sem-bios,
2026-07-28T18:58:24+00:00,796f9ce,ps1-tests/gpu/version-detect,version-detect.exe,sem-bios,
2026-07-28T18:58:24+00:00,796f9ce,ps1-tests/gpu/vram-to-vram-overlap,vram-to-vram-overlap.exe,sem-bios,
2026-07-28T18:58:24+00:00,796f9ce,ps1-tests/gte-fuzz,gte-fuzz.exe,sem-bios,
2026-07-28T18:58:24+00:00,796f9ce,ps1-tests/gte/test-all,test-all.exe,sem-bios,
2026-07-28T18:58:24+00:00,796f9ce,ps1-tests/input/pad,pad.exe,sem-bios,
2026-07-28T18:58:24+00:00,796f9ce,ps1-tests/mdec/4bit,4bit.exe,sem-bios,
2026-07-28T18:58:24+00:00,796f9ce,ps1-tests/mdec/8bit,8bit.exe,sem-bios,
2026-07-28T18:58:24+00:00,796f9ce,ps1-tests/mdec/frame,frame-15bit-dma.exe,sem-bios,
2026-07-28T18:58:24+00:00,796f9ce,ps1-tests/mdec/frame,frame-15bit.exe,sem-bios,
2026-07-28T18:58:24+00:00,796f9ce,ps1-tests/mdec/frame,frame-24bit-dma.exe,sem-bios,
2026-07-28T18:58:24+00:00,796f9ce,ps1-tests/mdec/frame,frame-24bit.exe,sem-bios,
2026-07-28T18:58:24+00:00,796f9ce,ps1-tests/mdec/movie,movie-15bit.exe,sem-bios,
2026-07-28T18:58:24+00:00,796f9ce,ps1-tests/mdec/movie,movie-24bit.exe,sem-bios,
2026-07-28T18:58:24+00:00,796f9ce,ps1-tests/mdec/step-by-step-log,step-by-step-log.exe,sem-bios,
2026-07-28T18:58:24+00:00,796f9ce,ps1-tests/spu/memory-transfer,memory-transfer.exe,sem-bios,
2026-07-28T18:58:24+00:00,796f9ce,ps1-tests/spu/ram-sandbox,ram-sandbox.exe,sem-bios,
2026-07-28T18:58:24+00:00,796f9ce,ps1-tests/spu/stereo,stereo.exe,sem-bios,
2026-07-28T18:58:24+00:00,796f9ce,ps1-tests/spu/test,test.exe,sem-bios,
2026-07-28T18:58:24+00:00,796f9ce,ps1-tests/spu/toolbox,toolbox.exe,sem-bios,
2026-07-28T18:58:24+00:00,796f9ce,ps1-tests/timer-dump,timer-dump.exe,sem-bios,
2026-07-28T18:58:24+00:00,796f9ce,ps1-tests/timers,timers.exe,sem-bios,
2026-07-28T18:58:24+00:00,796f9ce,ps1-tests/tools/diffvram,diffvram-windows-amd64.exe,sem-bios,
2026-07-28T23:24:15+00:00,8f3070f,ps1-tests/cdrom/disc-swap,disc-swap.exe,sem-bios,
2026-07-28T23:24:15+00:00,8f3070f,ps1-tests/cdrom/getloc,getloc.exe,sem-bios,
2026-07-28T23:24:15+00:00,8f3070f,ps1-tests/cdrom/terminal,terminal.exe,sem-bios,
2026-07-28T23:24:15+00:00,8f3070f,ps1-tests/cdrom/timing,timing.exe,sem-bios,
2026-07-28T23:24:15+00:00,8f3070f,ps1-tests/cpu/access-time,access-time.exe,sem-bios,
2026-07-28T23:24:15+00:00,8f3070f,ps1-tests/cpu/code-in-io,code-in-io.exe,sem-bios,
2026-07-28T23:24:15+00:00,8f3070f,ps1-tests/cpu/cop,cop.exe,sem-bios,
2026-07-28T23:24:15+00:00,8f3070f,ps1-tests/cpu/io-access-bitwidth,io-access-bitwidth.exe,sem-bios,
2026-07-28T23:24:15+00:00,8f3070f,ps1-tests/dma/chain-looping,chain-looping.exe,sem-bios,
2026-07-28T23:24:15+00:00,8f3070f,ps1-tests/dma/chopping,chopping.exe,sem-bios,
2026-07-28T23:24:15+00:00,8f3070f,ps1-tests/dma/dpcr,dpcr.exe,sem-bios,
2026-07-28T23:24:15+00:00,8f3070f,ps1-tests/dma/otc-test,otc-test.exe,sem-bios,
2026-07-28T23:24:15+00:00,8f3070f,ps1-tests/gpu/animated-triangle,animated-triangle.exe,sem-bios,
2026-07-28T23:24:15+00:00,8f3070f,ps1-tests/gpu/bandwidth,bandwidth.exe,sem-bios,
2026-07-28T23:24:15+00:00,8f3070f,ps1-tests/gpu/benchmark,benchmark.exe,sem-bios,
2026-07-28T23:24:15+00:00,8f3070f,ps1-tests/gpu/clipping,clipping.exe,sem-bios,
2026-07-28T23:24:15+00:00,8f3070f,ps1-tests/gpu/clut-cache,clut-cache.exe,sem-bios,
2026-07-28T23:24:15+00:00,8f3070f,ps1-tests/gpu/gp0-e1,gp0-e1.exe,sem-bios,
2026-07-28T23:24:15+00:00,8f3070f,ps1-tests/gpu/lines,lines.exe,sem-bios,
2026-07-28T23:24:15+00:00,8f3070f,ps1-tests/gpu/mask-bit,mask-bit.exe,sem-bios,
2026-07-28T23:24:15+00:00,8f3070f,ps1-tests/gpu/quad,quad.exe,sem-bios,
2026-07-28T23:24:15+00:00,8f3070f,ps1-tests/gpu/rectangles,rectangles.exe,sem-bios,
2026-07-28T23:24:15+00:00,8f3070f,ps1-tests/gpu/texture-flip,texture-flip.exe,sem-bios,
2026-07-28T23:24:15+00:00,8f3070f,ps1-tests/gpu/texture-overflow,texture-overflow.exe,sem-bios,
2026-07-28T23:24:15+00:00,8f3070f,ps1-tests/gpu/transparency,transparency.exe,sem-bios,
2026-07-28T23:24:15+00:00,8f3070f,ps1-tests/gpu/triangle,triangle.exe,sem-bios,
2026-07-28T23:24:15+00:00,8f3070f,ps1-tests/gpu/uv-interpolation,uv-interpolation.exe,sem-bios,
2026-07-28T23:24:15+00:00,8f3070f,ps1-tests/gpu/version-detect,version-detect.exe,sem-bios,
2026-07-28T23:24:15+00:00,8f3070f,ps1-tests/gpu/vram-to-vram-overlap,vram-to-vram-overlap.exe,sem-bios,
2026-07-28T23:24:15+00:00,8f3070f,ps1-tests/gte-fuzz,gte-fuzz.exe,sem-bios,
2026-07-28T23:24:15+00:00,8f3070f,ps1-tests/gte/test-all,test-all.exe,sem-bios,
2026-07-28T23:24:15+00:00,8f3070f,ps1-tests/input/pad,pad.exe,sem-bios,
2026-07-28T23:24:15+00:00,8f3070f,ps1-tests/mdec/4bit,4bit.exe,sem-bios,
2026-07-28T23:24:15+00:00,8f3070f,ps1-tests/mdec/8bit,8bit.exe,sem-bios,
2026-07-28T23:24:15+00:00,8f3070f,ps1-tests/mdec/frame,frame-15bit-dma.exe,sem-bios,
2026-07-28T23:24:15+00:00,8f3070f,ps1-tests/mdec/frame,frame-15bit.exe,sem-bios,
2026-07-28T23:24:15+00:00,8f3070f,ps1-tests/mdec/frame,frame-24bit-dma.exe,sem-bios,
2026-07-28T23:24:15+00:00,8f3070f,ps1-tests/mdec/frame,frame-24bit.exe,sem-bios,
2026-07-28T23:24:15+00:00,8f3070f,ps1-tests/mdec/movie,movie-15bit.exe,sem-bios,
2026-07-28T23:24:15+00:00,8f3070f,ps1-tests/mdec/movie,movie-24bit.exe,sem-bios,
2026-07-28T23:24:15+00:00,8f3070f,ps1-tests/mdec/step-by-step-log,step-by-step-log.exe,sem-bios,
2026-07-28T23:24:15+00:00,8f3070f,ps1-tests/spu/memory-transfer,memory-transfer.exe,sem-bios,
2026-07-28T23:24:15+00:00,8f3070f,ps1-tests/spu/ram-sandbox,ram-sandbox.exe,sem-bios,
2026-07-28T23:24:15+00:00,8f3070f,ps1-tests/spu/stereo,stereo.exe,sem-bios,
2026-07-28T23:24:15+00:00,8f3070f,ps1-tests/spu/test,test.exe,sem-bios,
2026-07-28T23:24:15+00:00,8f3070f,ps1-tests/spu/toolbox,toolbox.exe,sem-bios,
2026-07-28T23:24:15+00:00,8f3070f,ps1-tests/timer-dump,timer-dump.exe,sem-bios,
2026-07-28T23:24:15+00:00,8f3070f,ps1-tests/timers,timers.exe,sem-bios,
2026-07-28T23:24:15+00:00,8f3070f,ps1-tests/tools/diffvram,diffvram-windows-amd64.exe,sem-bios,
2026-07-29T01:16:52+00:00,664573b,amidog/cpu,psxtest_cpu.exe,sem-bios,
2026-07-29T01:16:52+00:00,664573b,amidog/gte,psxtest_gte.exe,sem-bios,
2026-07-29T01:16:52+00:00,664573b,ps1-tests/cdrom/disc-swap,disc-swap.exe,sem-bios,
2026-07-29T01:16:52+00:00,664573b,ps1-tests/cdrom/getloc,getloc.exe,sem-bios,
2026-07-29T01:16:52+00:00,664573b,ps1-tests/cdrom/terminal,terminal.exe,sem-bios,
2026-07-29T01:16:52+00:00,664573b,ps1-tests/cdrom/timing,timing.exe,sem-bios,
2026-07-29T01:16:52+00:00,664573b,ps1-tests/cpu/access-time,access-time.exe,sem-bios,
2026-07-29T01:16:52+00:00,664573b,ps1-tests/cpu/code-in-io,code-in-io.exe,sem-bios,
2026-07-29T01:16:52+00:00,664573b,ps1-tests/cpu/cop,cop.exe,sem-bios,
2026-07-29T01:16:52+00:00,664573b,ps1-tests/cpu/io-access-bitwidth,io-access-bitwidth.exe,sem-bios,
2026-07-29T01:16:52+00:00,664573b,ps1-tests/dma/chain-looping,chain-looping.exe,sem-bios,
2026-07-29T01:16:52+00:00,664573b,ps1-tests/dma/chopping,chopping.exe,sem-bios,
2026-07-29T01:16:52+00:00,664573b,ps1-tests/dma/dpcr,dpcr.exe,sem-bios,
2026-07-29T01:16:52+00:00,664573b,ps1-tests/dma/otc-test,otc-test.exe,sem-bios,
2026-07-29T01:16:52+00:00,664573b,ps1-tests/gpu/animated-triangle,animated-triangle.exe,sem-bios,
2026-07-29T01:16:52+00:00,664573b,ps1-tests/gpu/bandwidth,bandwidth.exe,sem-bios,
2026-07-29T01:16:52+00:00,664573b,ps1-tests/gpu/benchmark,benchmark.exe,sem-bios,
2026-07-29T01:16:52+00:00,664573b,ps1-tests/gpu/clipping,clipping.exe,sem-bios,
2026-07-29T01:16:52+00:00,664573b,ps1-tests/gpu/clut-cache,clut-cache.exe,sem-bios,
2026-07-29T01:16:52+00:00,664573b,ps1-tests/gpu/gp0-e1,gp0-e1.exe,sem-bios,
2026-07-29T01:16:52+00:00,664573b,ps1-tests/gpu/lines,lines.exe,sem-bios,
2026-07-29T01:16:52+00:00,664573b,ps1-tests/gpu/mask-bit,mask-bit.exe,sem-bios,
2026-07-29T01:16:52+00:00,664573b,ps1-tests/gpu/quad,quad.exe,sem-bios,
2026-07-29T01:16:52+00:00,664573b,ps1-tests/gpu/rectangles,rectangles.exe,sem-bios,
2026-07-29T01:16:52+00:00,664573b,ps1-tests/gpu/texture-flip,texture-flip.exe,sem-bios,
2026-07-29T01:16:52+00:00,664573b,ps1-tests/gpu/texture-overflow,texture-overflow.exe,sem-bios,
2026-07-29T01:16:52+00:00,664573b,ps1-tests/gpu/transparency,transparency.exe,sem-bios,
2026-07-29T01:16:52+00:00,664573b,ps1-tests/gpu/triangle,triangle.exe,sem-bios,
2026-07-29T01:16:52+00:00,664573b,ps1-tests/gpu/uv-interpolation,uv-interpolation.exe,sem-bios,
2026-07-29T01:16:52+00:00,664573b,ps1-tests/gpu/version-detect,version-detect.exe,sem-bios,
2026-07-29T01:16:52+00:00,664573b,ps1-tests/gpu/vram-to-vram-overlap,vram-to-vram-overlap.exe,sem-bios,
2026-07-29T01:16:52+00:00,664573b,ps1-tests/gte-fuzz,gte-fuzz.exe,sem-bios,
2026-07-29T01:16:52+00:00,664573b,ps1-tests/gte/test-all,test-all.exe,sem-bios,
2026-07-29T01:16:52+00:00,664573b,ps1-tests/input/pad,pad.exe,sem-bios,
2026-07-29T01:16:52+00:00,664573b,ps1-tests/mdec/4bit,4bit.exe,sem-bios,
2026-07-29T01:16:52+00:00,664573b,ps1-tests/mdec/8bit,8bit.exe,sem-bios,
2026-07-29T01:16:52+00:00,664573b,ps1-tests/mdec/frame,frame-15bit-dma.exe,sem-bios,
2026-07-29T01:16:52+00:00,664573b,ps1-tests/mdec/frame,frame-15bit.exe,sem-bios,
2026-07-29T01:16:52+00:00,664573b,ps1-tests/mdec/frame,frame-24bit-dma.exe,sem-bios,
2026-07-29T01:16:52+00:00,664573b,ps1-tests/mdec/frame,frame-24bit.exe,sem-bios,
2026-07-29T01:16:52+00:00,664573b,ps1-tests/mdec/movie,movie-15bit.exe,sem-bios,
2026-07-29T01:16:52+00:00,664573b,ps1-tests/mdec/movie,movie-24bit.exe,sem-bios,
2026-07-29T01:16:52+00:00,664573b,ps1-tests/mdec/step-by-step-log,step-by-step-log.exe,sem-bios,
2026-07-29T01:16:52+00:00,664573b,ps1-tests/spu/memory-transfer,memory-transfer.exe,sem-bios,
2026-07-29T01:16:52+00:00,664573b,ps1-tests/spu/ram-sandbox,ram-sandbox.exe,sem-bios,
2026-07-29T01:16:52+00:00,664573b,ps1-tests/spu/stereo,stereo.exe,sem-bios,
2026-07-29T01:16:52+00:00,664573b,ps1-tests/spu/test,test.exe,sem-bios,
2026-07-29T01:16:52+00:00,664573b,ps1-tests/spu/toolbox,toolbox.exe,sem-bios,
2026-07-29T01:16:52+00:00,664573b,ps1-tests/timer-dump,timer-dump.exe,sem-bios,
2026-07-29T01:16:52+00:00,664573b,ps1-tests/timers,timers.exe,sem-bios,
2026-07-29T01:16:52+00:00,664573b,ps1-tests/tools/diffvram,diffvram-windows-amd64.exe,sem-bios,
2026-07-29T01:36:06+00:00,b46adc0,amidog/cpu,psxtest_cpu.exe,sem-bios,
2026-07-29T01:36:06+00:00,b46adc0,amidog/gte,psxtest_gte.exe,sem-bios,
2026-07-29T01:36:06+00:00,b46adc0,ps1-tests/cdrom/disc-swap,disc-swap.exe,sem-bios,
2026-07-29T01:36:06+00:00,b46adc0,ps1-tests/cdrom/getloc,getloc.exe,sem-bios,
2026-07-29T01:36:06+00:00,b46adc0,ps1-tests/cdrom/terminal,terminal.exe,sem-bios,
2026-07-29T01:36:06+00:00,b46adc0,ps1-tests/cdrom/timing,timing.exe,sem-bios,
2026-07-29T01:36:06+00:00,b46adc0,ps1-tests/cpu/access-time,access-time.exe,sem-bios,
2026-07-29T01:36:06+00:00,b46adc0,ps1-tests/cpu/code-in-io,code-in-io.exe,sem-bios,
2026-07-29T01:36:06+00:00,b46adc0,ps1-tests/cpu/cop,cop.exe,sem-bios,
2026-07-29T01:36:06+00:00,b46adc0,ps1-tests/cpu/io-access-bitwidth,io-access-bitwidth.exe,sem-bios,
2026-07-29T01:36:06+00:00,b46adc0,ps1-tests/dma/chain-looping,chain-looping.exe,sem-bios,
2026-07-29T01:36:06+00:00,b46adc0,ps1-tests/dma/chopping,chopping.exe,sem-bios,
2026-07-29T01:36:06+00:00,b46adc0,ps1-tests/dma/dpcr,dpcr.exe,sem-bios,
2026-07-29T01:36:06+00:00,b46adc0,ps1-tests/dma/otc-test,otc-test.exe,sem-bios,
2026-07-29T01:36:06+00:00,b46adc0,ps1-tests/gpu/animated-triangle,animated-triangle.exe,sem-bios,
2026-07-29T01:36:06+00:00,b46adc0,ps1-tests/gpu/bandwidth,bandwidth.exe,sem-bios,
2026-07-29T01:36:06+00:00,b46adc0,ps1-tests/gpu/benchmark,benchmark.exe,sem-bios,
2026-07-29T01:36:06+00:00,b46adc0,ps1-tests/gpu/clipping,clipping.exe,sem-bios,
2026-07-29T01:36:06+00:00,b46adc0,ps1-tests/gpu/clut-cache,clut-cache.exe,sem-bios,
2026-07-29T01:36:06+00:00,b46adc0,ps1-tests/gpu/gp0-e1,gp0-e1.exe,sem-bios,
2026-07-29T01:36:06+00:00,b46adc0,ps1-tests/gpu/lines,lines.exe,sem-bios,
2026-07-29T01:36:06+00:00,b46adc0,ps1-tests/gpu/mask-bit,mask-bit.exe,sem-bios,
2026-07-29T01:36:06+00:00,b46adc0,ps1-tests/gpu/quad,quad.exe,sem-bios,
2026-07-29T01:36:06+00:00,b46adc0,ps1-tests/gpu/rectangles,rectangles.exe,sem-bios,
2026-07-29T01:36:06+00:00,b46adc0,ps1-tests/gpu/texture-flip,texture-flip.exe,sem-bios,
2026-07-29T01:36:06+00:00,b46adc0,ps1-tests/gpu/texture-overflow,texture-overflow.exe,sem-bios,
2026-07-29T01:36:06+00:00,b46adc0,ps1-tests/gpu/transparency,transparency.exe,sem-bios,
2026-07-29T01:36:06+00:00,b46adc0,ps1-tests/gpu/triangle,triangle.exe,sem-bios,
2026-07-29T01:36:06+00:00,b46adc0,ps1-tests/gpu/uv-interpolation,uv-interpolation.exe,sem-bios,
2026-07-29T01:36:06+00:00,b46adc0,ps1-tests/gpu/version-detect,version-detect.exe,sem-bios,
2026-07-29T01:36:06+00:00,b46adc0,ps1-tests/gpu/vram-to-vram-overlap,vram-to-vram-overlap.exe,sem-bios,
2026-07-29T01:36:06+00:00,b46adc0,ps1-tests/gte-fuzz,gte-fuzz.exe,sem-bios,
2026-07-29T01:36:06+00:00,b46adc0,ps1-tests/gte/test-all,test-all.exe,sem-bios,
2026-07-29T01:36:06+00:00,b46adc0,ps1-tests/input/pad,pad.exe,sem-bios,
2026-07-29T01:36:06+00:00,b46adc0,ps1-tests/mdec/4bit,4bit.exe,sem-bios,
2026-07-29T01:36:06+00:00,b46adc0,ps1-tests/mdec/8bit,8bit.exe,sem-bios,
2026-07-29T01:36:06+00:00,b46adc0,ps1-tests/mdec/frame,frame-15bit-dma.exe,sem-bios,
2026-07-29T01:36:06+00:00,b46adc0,ps1-tests/mdec/frame,frame-15bit.exe,sem-bios,
2026-07-29T01:36:06+00:00,b46adc0,ps1-tests/mdec/frame,frame-24bit-dma.exe,sem-bios,
2026-07-29T01:36:06+00:00,b46adc0,ps1-tests/mdec/frame,frame-24bit.exe,sem-bios,
2026-07-29T01:36:06+00:00,b46adc0,ps1-tests/mdec/movie,movie-15bit.exe,sem-bios,
2026-07-29T01:36:06+00:00,b46adc0,ps1-tests/mdec/movie,movie-24bit.exe,sem-bios,
2026-07-29T01:36:06+00:00,b46adc0,ps1-tests/mdec/step-by-step-log,step-by-step-log.exe,sem-bios,
2026-07-29T01:36:06+00:00,b46adc0,ps1-tests/spu/memory-transfer,memory-transfer.exe,sem-bios,
2026-07-29T01:36:06+00:00,b46adc0,ps1-tests/spu/ram-sandbox,ram-sandbox.exe,sem-bios,
2026-07-29T01:36:06+00:00,b46adc0,ps1-tests/spu/stereo,stereo.exe,sem-bios,
2026-07-29T01:36:06+00:00,b46adc0,ps1-tests/spu/test,test.exe,sem-bios,
2026-07-29T01:36:06+00:00,b46adc0,ps1-tests/spu/toolbox,toolbox.exe,sem-bios,
2026-07-29T01:36:06+00:00,b46adc0,ps1-tests/timer-dump,timer-dump.exe,sem-bios,
2026-07-29T01:36:06+00:00,b46adc0,ps1-tests/timers,timers.exe,sem-bios,
2026-07-29T01:36:06+00:00,b46adc0,ps1-tests/tools/diffvram,diffvram-windows-amd64.exe,sem-bios,
2026-07-29T01:59:46+00:00,201b9cd,amidog/cpu,psxtest_cpu.exe,sem-bios,
2026-07-29T01:59:46+00:00,201b9cd,amidog/gte,psxtest_gte.exe,sem-bios,
2026-07-29T01:59:46+00:00,201b9cd,ps1-tests/cdrom/disc-swap,disc-swap.exe,sem-bios,
2026-07-29T01:59:46+00:00,201b9cd,ps1-tests/cdrom/getloc,getloc.exe,sem-bios,
2026-07-29T01:59:46+00:00,201b9cd,ps1-tests/cdrom/terminal,terminal.exe,sem-bios,
2026-07-29T01:59:46+00:00,201b9cd,ps1-tests/cdrom/timing,timing.exe,sem-bios,
2026-07-29T01:59:46+00:00,201b9cd,ps1-tests/cpu/access-time,access-time.exe,sem-bios,
2026-07-29T01:59:46+00:00,201b9cd,ps1-tests/cpu/code-in-io,code-in-io.exe,sem-bios,
2026-07-29T01:59:46+00:00,201b9cd,ps1-tests/cpu/cop,cop.exe,sem-bios,
2026-07-29T01:59:46+00:00,201b9cd,ps1-tests/cpu/io-access-bitwidth,io-access-bitwidth.exe,sem-bios,
2026-07-29T01:59:46+00:00,201b9cd,ps1-tests/dma/chain-looping,chain-looping.exe,sem-bios,
2026-07-29T01:59:46+00:00,201b9cd,ps1-tests/dma/chopping,chopping.exe,sem-bios,
2026-07-29T01:59:46+00:00,201b9cd,ps1-tests/dma/dpcr,dpcr.exe,sem-bios,
2026-07-29T01:59:46+00:00,201b9cd,ps1-tests/dma/otc-test,otc-test.exe,sem-bios,
2026-07-29T01:59:46+00:00,201b9cd,ps1-tests/gpu/animated-triangle,animated-triangle.exe,sem-bios,
2026-07-29T01:59:46+00:00,201b9cd,ps1-tests/gpu/bandwidth,bandwidth.exe,sem-bios,
2026-07-29T01:59:46+00:00,201b9cd,ps1-tests/gpu/benchmark,benchmark.exe,sem-bios,
2026-07-29T01:59:46+00:00,201b9cd,ps1-tests/gpu/clipping,clipping.exe,sem-bios,
2026-07-29T01:59:46+00:00,201b9cd,ps1-tests/gpu/clut-cache,clut-cache.exe,sem-bios,
2026-07-29T01:59:46+00:00,201b9cd,ps1-tests/gpu/gp0-e1,gp0-e1.exe,sem-bios,
2026-07-29T01:59:46+00:00,201b9cd,ps1-tests/gpu/lines,lines.exe,sem-bios,
2026-07-29T01:59:46+00:00,201b9cd,ps1-tests/gpu/mask-bit,mask-bit.exe,sem-bios,
2026-07-29T01:59:46+00:00,201b9cd,ps1-tests/gpu/quad,quad.exe,sem-bios,
2026-07-29T01:59:46+00:00,201b9cd,ps1-tests/gpu/rectangles,rectangles.exe,sem-bios,
2026-07-29T01:59:46+00:00,201b9cd,ps1-tests/gpu/texture-flip,texture-flip.exe,sem-bios,
2026-07-29T01:59:46+00:00,201b9cd,ps1-tests/gpu/texture-overflow,texture-overflow.exe,sem-bios,
2026-07-29T01:59:46+00:00,201b9cd,ps1-tests/gpu/transparency,transparency.exe,sem-bios,
2026-07-29T01:59:46+00:00,201b9cd,ps1-tests/gpu/triangle,triangle.exe,sem-bios,
2026-07-29T01:59:46+00:00,201b9cd,ps1-tests/gpu/uv-interpolation,uv-interpolation.exe,sem-bios,
2026-07-29T01:59:46+00:00,201b9cd,ps1-tests/gpu/version-detect,version-detect.exe,sem-bios,
2026-07-29T01:59:46+00:00,201b9cd,ps1-tests/gpu/vram-to-vram-overlap,vram-to-vram-overlap.exe,sem-bios,
2026-07-29T01:59:46+00:00,201b9cd,ps1-tests/gte-fuzz,gte-fuzz.exe,sem-bios,
2026-07-29T01:59:46+00:00,201b9cd,ps1-tests/gte/test-all,test-all.exe,sem-bios,
2026-07-29T01:59:46+00:00,201b9cd,ps1-tests/input/pad,pad.exe,sem-bios,
2026-07-29T01:59:46+00:00,201b9cd,ps1-tests/mdec/4bit,4bit.exe,sem-bios,
2026-07-29T01:59:46+00:00,201b9cd,ps1-tests/mdec/8bit,8bit.exe,sem-bios,
2026-07-29T01:59:46+00:00,201b9cd,ps1-tests/mdec/frame,frame-15bit-dma.exe,sem-bios,
2026-07-29T01:59:46+00:00,201b9cd,ps1-tests/mdec/frame,frame-15bit.exe,sem-bios,
2026-07-29T01:59:46+00:00,201b9cd,ps1-tests/mdec/frame,frame-24bit-dma.exe,sem-bios,
2026-07-29T01:59:46+00:00,201b9cd,ps1-tests/mdec/frame,frame-24bit.exe,sem-bios,
2026-07-29T01:59:46+00:00,201b9cd,ps1-tests/mdec/movie,movie-15bit.exe,sem-bios,
2026-07-29T01:59:46+00:00,201b9cd,ps1-tests/mdec/movie,movie-24bit.exe,sem-bios,
2026-07-29T01:59:46+00:00,201b9cd,ps1-tests/mdec/step-by-step-log,step-by-step-log.exe,sem-bios,
2026-07-29T01:59:46+00:00,201b9cd,ps1-tests/spu/memory-transfer,memory-transfer.exe,sem-bios,
2026-07-29T01:59:46+00:00,201b9cd,ps1-tests/spu/ram-sandbox,ram-sandbox.exe,sem-bios,
2026-07-29T01:59:46+00:00,201b9cd,ps1-tests/spu/stereo,stereo.exe,sem-bios,
2026-07-29T01:59:46+00:00,201b9cd,ps1-tests/spu/test,test.exe,sem-bios,
2026-07-29T01:59:46+00:00,201b9cd,ps1-tests/spu/toolbox,toolbox.exe,sem-bios,
2026-07-29T01:59:46+00:00,201b9cd,ps1-tests/timer-dump,timer-dump.exe,sem-bios,
2026-07-29T01:59:46+00:00,201b9cd,ps1-tests/timers,timers.exe,sem-bios,
2026-07-29T01:59:46+00:00,201b9cd,ps1-tests/tools/diffvram,diffvram-windows-amd64.exe,sem-bios,
2026-07-29T03:14:48+00:00,432ffec,amidog/cpu,psxtest_cpu.exe,sem-bios,
2026-07-29T03:14:48+00:00,432ffec,amidog/gte,psxtest_gte.exe,sem-bios,
2026-07-29T03:14:48+00:00,432ffec,ps1-tests/cdrom/disc-swap,disc-swap.exe,sem-bios,
2026-07-29T03:14:48+00:00,432ffec,ps1-tests/cdrom/getloc,getloc.exe,sem-bios,
2026-07-29T03:14:48+00:00,432ffec,ps1-tests/cdrom/terminal,terminal.exe,sem-bios,
2026-07-29T03:14:48+00:00,432ffec,ps1-tests/cdrom/timing,timing.exe,sem-bios,
2026-07-29T03:14:48+00:00,432ffec,ps1-tests/cpu/access-time,access-time.exe,sem-bios,
2026-07-29T03:14:48+00:00,432ffec,ps1-tests/cpu/code-in-io,code-in-io.exe,sem-bios,
2026-07-29T03:14:48+00:00,432ffec,ps1-tests/cpu/cop,cop.exe,sem-bios,
2026-07-29T03:14:48+00:00,432ffec,ps1-tests/cpu/io-access-bitwidth,io-access-bitwidth.exe,sem-bios,
2026-07-29T03:14:48+00:00,432ffec,ps1-tests/dma/chain-looping,chain-looping.exe,sem-bios,
2026-07-29T03:14:48+00:00,432ffec,ps1-tests/dma/chopping,chopping.exe,sem-bios,
2026-07-29T03:14:48+00:00,432ffec,ps1-tests/dma/dpcr,dpcr.exe,sem-bios,
2026-07-29T03:14:48+00:00,432ffec,ps1-tests/dma/otc-test,otc-test.exe,sem-bios,
2026-07-29T03:14:48+00:00,432ffec,ps1-tests/gpu/animated-triangle,animated-triangle.exe,sem-bios,
2026-07-29T03:14:48+00:00,432ffec,ps1-tests/gpu/bandwidth,bandwidth.exe,sem-bios,
2026-07-29T03:14:48+00:00,432ffec,ps1-tests/gpu/benchmark,benchmark.exe,sem-bios,
2026-07-29T03:14:48+00:00,432ffec,ps1-tests/gpu/clipping,clipping.exe,sem-bios,
2026-07-29T03:14:48+00:00,432ffec,ps1-tests/gpu/clut-cache,clut-cache.exe,sem-bios,
2026-07-29T03:14:48+00:00,432ffec,ps1-tests/gpu/gp0-e1,gp0-e1.exe,sem-bios,
2026-07-29T03:14:48+00:00,432ffec,ps1-tests/gpu/lines,lines.exe,sem-bios,
2026-07-29T03:14:48+00:00,432ffec,ps1-tests/gpu/mask-bit,mask-bit.exe,sem-bios,
2026-07-29T03:14:48+00:00,432ffec,ps1-tests/gpu/quad,quad.exe,sem-bios,
2026-07-29T03:14:48+00:00,432ffec,ps1-tests/gpu/rectangles,rectangles.exe,sem-bios,
2026-07-29T03:14:48+00:00,432ffec,ps1-tests/gpu/texture-flip,texture-flip.exe,sem-bios,
2026-07-29T03:14:48+00:00,432ffec,ps1-tests/gpu/texture-overflow,texture-overflow.exe,sem-bios,
2026-07-29T03:14:48+00:00,432ffec,ps1-tests/gpu/transparency,transparency.exe,sem-bios,
2026-07-29T03:14:48+00:00,432ffec,ps1-tests/gpu/triangle,triangle.exe,sem-bios,
2026-07-29T03:14:48+00:00,432ffec,ps1-tests/gpu/uv-interpolation,uv-interpolation.exe,sem-bios,
2026-07-29T03:14:48+00:00,432ffec,ps1-tests/gpu/version-detect,version-detect.exe,sem-bios,
2026-07-29T03:14:48+00:00,432ffec,ps1-tests/gpu/vram-to-vram-overlap,vram-to-vram-overlap.exe,sem-bios,
2026-07-29T03:14:48+00:00,432ffec,ps1-tests/gte-fuzz,gte-fuzz.exe,sem-bios,
2026-07-29T03:14:48+00:00,432ffec,ps1-tests/gte/test-all,test-all.exe,sem-bios,
2026-07-29T03:14:48+00:00,432ffec,ps1-tests/input/pad,pad.exe,sem-bios,
2026-07-29T03:14:48+00:00,432ffec,ps1-tests/mdec/4bit,4bit.exe,sem-bios,
2026-07-29T03:14:48+00:00,432ffec,ps1-tests/mdec/8bit,8bit.exe,sem-bios,
2026-07-29T03:14:48+00:00,432ffec,ps1-tests/mdec/frame,frame-15bit-dma.exe,sem-bios,
2026-07-29T03:14:48+00:00,432ffec,ps1-tests/mdec/frame,frame-15bit.exe,sem-bios,
2026-07-29T03:14:48+00:00,432ffec,ps1-tests/mdec/frame,frame-24bit-dma.exe,sem-bios,
2026-07-29T03:14:48+00:00,432ffec,ps1-tests/mdec/frame,frame-24bit.exe,sem-bios,
2026-07-29T03:14:48+00:00,432ffec,ps1-tests/mdec/movie,movie-15bit.exe,sem-bios,
2026-07-29T03:14:48+00:00,432ffec,ps1-tests/mdec/movie,movie-24bit.exe,sem-bios,
2026-07-29T03:14:48+00:00,432ffec,ps1-tests/mdec/step-by-step-log,step-by-step-log.exe,sem-bios,
2026-07-29T03:14:48+00:00,432ffec,ps1-tests/spu/memory-transfer,memory-transfer.exe,sem-bios,
2026-07-29T03:14:48+00:00,432ffec,ps1-tests/spu/ram-sandbox,ram-sandbox.exe,sem-bios,
2026-07-29T03:14:48+00:00,432ffec,ps1-tests/spu/stereo,stereo.exe,sem-bios,
2026-07-29T03:14:48+00:00,432ffec,ps1-tests/spu/test,test.exe,sem-bios,
2026-07-29T03:14:48+00:00,432ffec,ps1-tests/spu/toolbox,toolbox.exe,sem-bios,
2026-07-29T03:14:48+00:00,432ffec,ps1-tests/timer-dump,timer-dump.exe,sem-bios,
2026-07-29T03:14:48+00:00,432ffec,ps1-tests/timers,timers.exe,sem-bios,
2026-07-29T03:14:48+00:00,432ffec,ps1-tests/tools/diffvram,diffvram-windows-amd64.exe,sem-bios,
2026-07-29T04:13:03+00:00,0dde896,ps1-tests/cdrom/disc-swap,disc-swap.exe,sem-bios,
2026-07-29T04:13:03+00:00,0dde896,ps1-tests/cdrom/getloc,getloc.exe,sem-bios,
2026-07-29T04:13:03+00:00,0dde896,ps1-tests/cdrom/terminal,terminal.exe,sem-bios,
2026-07-29T04:13:03+00:00,0dde896,ps1-tests/cdrom/timing,timing.exe,sem-bios,
2026-07-29T04:13:03+00:00,0dde896,ps1-tests/cpu/access-time,access-time.exe,sem-bios,
2026-07-29T04:13:03+00:00,0dde896,ps1-tests/cpu/code-in-io,code-in-io.exe,sem-bios,
2026-07-29T04:13:03+00:00,0dde896,ps1-tests/cpu/cop,cop.exe,sem-bios,
2026-07-29T04:13:03+00:00,0dde896,ps1-tests/cpu/io-access-bitwidth,io-access-bitwidth.exe,sem-bios,
2026-07-29T04:13:03+00:00,0dde896,ps1-tests/dma/chain-looping,chain-looping.exe,sem-bios,
2026-07-29T04:13:03+00:00,0dde896,ps1-tests/dma/chopping,chopping.exe,sem-bios,
2026-07-29T04:13:03+00:00,0dde896,ps1-tests/dma/dpcr,dpcr.exe,sem-bios,
2026-07-29T04:13:03+00:00,0dde896,ps1-tests/dma/otc-test,otc-test.exe,sem-bios,
2026-07-29T04:13:03+00:00,0dde896,ps1-tests/gpu/animated-triangle,animated-triangle.exe,sem-bios,
2026-07-29T04:13:03+00:00,0dde896,ps1-tests/gpu/bandwidth,bandwidth.exe,sem-bios,
2026-07-29T04:13:03+00:00,0dde896,ps1-tests/gpu/benchmark,benchmark.exe,sem-bios,
2026-07-29T04:13:03+00:00,0dde896,ps1-tests/gpu/clipping,clipping.exe,sem-bios,
2026-07-29T04:13:03+00:00,0dde896,ps1-tests/gpu/clut-cache,clut-cache.exe,sem-bios,
2026-07-29T04:13:03+00:00,0dde896,ps1-tests/gpu/gp0-e1,gp0-e1.exe,sem-bios,
2026-07-29T04:13:03+00:00,0dde896,ps1-tests/gpu/lines,lines.exe,sem-bios,
2026-07-29T04:13:03+00:00,0dde896,ps1-tests/gpu/mask-bit,mask-bit.exe,sem-bios,
2026-07-29T04:13:03+00:00,0dde896,ps1-tests/gpu/quad,quad.exe,sem-bios,
2026-07-29T04:13:03+00:00,0dde896,ps1-tests/gpu/rectangles,rectangles.exe,sem-bios,
2026-07-29T04:13:03+00:00,0dde896,ps1-tests/gpu/texture-flip,texture-flip.exe,sem-bios,
2026-07-29T04:13:03+00:00,0dde896,ps1-tests/gpu/texture-overflow,texture-overflow.exe,sem-bios,
2026-07-29T04:13:03+00:00,0dde896,ps1-tests/gpu/transparency,transparency.exe,sem-bios,
2026-07-29T04:13:03+00:00,0dde896,ps1-tests/gpu/triangle,triangle.exe,sem-bios,
2026-07-29T04:13:03+00:00,0dde896,ps1-tests/gpu/uv-interpolation,uv-interpolation.exe,sem-bios,
2026-07-29T04:13:03+00:00,0dde896,ps1-tests/gpu/version-detect,version-detect.exe,sem-bios,
2026-07-29T04:13:03+00:00,0dde896,ps1-tests/gpu/vram-to-vram-overlap,vram-to-vram-overlap.exe,sem-bios,
2026-07-29T04:13:03+00:00,0dde896,ps1-tests/gte-fuzz,gte-fuzz.exe,sem-bios,
2026-07-29T04:13:03+00:00,0dde896,ps1-tests/gte/test-all,test-all.exe,sem-bios,
2026-07-29T04:13:03+00:00,0dde896,ps1-tests/input/pad,pad.exe,sem-bios,
2026-07-29T04:13:03+00:00,0dde896,ps1-tests/mdec/4bit,4bit.exe,sem-bios,
2026-07-29T04:13:03+00:00,0dde896,ps1-tests/mdec/8bit,8bit.exe,sem-bios,
2026-07-29T04:13:03+00:00,0dde896,ps1-tests/mdec/frame,frame-15bit-dma.exe,sem-bios,
2026-07-29T04:13:03+00:00,0dde896,ps1-tests/mdec/frame,frame-15bit.exe,sem-bios,
2026-07-29T04:13:03+00:00,0dde896,ps1-tests/mdec/frame,frame-24bit-dma.exe,sem-bios,
2026-07-29T04:13:03+00:00,0dde896,ps1-tests/mdec/frame,frame-24bit.exe,sem-bios,
2026-07-29T04:13:03+00:00,0dde896,ps1-tests/mdec/movie,movie-15bit.exe,sem-bios,
2026-07-29T04:13:03+00:00,0dde896,ps1-tests/mdec/movie,movie-24bit.exe,sem-bios,
2026-07-29T04:13:03+00:00,0dde896,ps1-tests/mdec/step-by-step-log,step-by-step-log.exe,sem-bios,
2026-07-29T04:13:03+00:00,0dde896,ps1-tests/spu/memory-transfer,memory-transfer.exe,sem-bios,
2026-07-29T04:13:03+00:00,0dde896,ps1-tests/spu/ram-sandbox,ram-sandbox.exe,sem-bios,
2026-07-29T04:13:03+00:00,0dde896,ps1-tests/spu/stereo,stereo.exe,sem-bios,
2026-07-29T04:13:03+00:00,0dde896,ps1-tests/spu/test,test.exe,sem-bios,
2026-07-29T04:13:03+00:00,0dde896,ps1-tests/spu/toolbox,toolbox.exe,sem-bios,
2026-07-29T04:13:03+00:00,0dde896,ps1-tests/timer-dump,timer-dump.exe,sem-bios,
2026-07-29T04:13:03+00:00,0dde896,ps1-tests/timers,timers.exe,sem-bios,
2026-07-29T04:13:03+00:00,0dde896,ps1-tests/tools/diffvram,diffvram-windows-amd64.exe,sem-bios,
2026-07-29T06:10:21+00:00,598eefc,amidog/cpu,psxtest_cpu.exe,sem-bios,
2026-07-29T06:10:21+00:00,598eefc,amidog/gte,psxtest_gte.exe,sem-bios,
2026-07-29T06:10:21+00:00,598eefc,ps1-tests/cdrom/disc-swap,disc-swap.exe,sem-bios,
2026-07-29T06:10:21+00:00,598eefc,ps1-tests/cdrom/getloc,getloc.exe,sem-bios,
2026-07-29T06:10:21+00:00,598eefc,ps1-tests/cdrom/terminal,terminal.exe,sem-bios,
2026-07-29T06:10:21+00:00,598eefc,ps1-tests/cdrom/timing,timing.exe,sem-bios,
2026-07-29T06:10:21+00:00,598eefc,ps1-tests/cpu/access-time,access-time.exe,sem-bios,
2026-07-29T06:10:21+00:00,598eefc,ps1-tests/cpu/code-in-io,code-in-io.exe,sem-bios,
2026-07-29T06:10:21+00:00,598eefc,ps1-tests/cpu/cop,cop.exe,sem-bios,
2026-07-29T06:10:21+00:00,598eefc,ps1-tests/cpu/io-access-bitwidth,io-access-bitwidth.exe,sem-bios,
2026-07-29T06:10:21+00:00,598eefc,ps1-tests/dma/chain-looping,chain-looping.exe,sem-bios,
2026-07-29T06:10:21+00:00,598eefc,ps1-tests/dma/chopping,chopping.exe,sem-bios,
2026-07-29T06:10:21+00:00,598eefc,ps1-tests/dma/dpcr,dpcr.exe,sem-bios,
2026-07-29T06:10:21+00:00,598eefc,ps1-tests/dma/otc-test,otc-test.exe,sem-bios,
2026-07-29T06:10:21+00:00,598eefc,ps1-tests/gpu/animated-triangle,animated-triangle.exe,sem-bios,
2026-07-29T06:10:21+00:00,598eefc,ps1-tests/gpu/bandwidth,bandwidth.exe,sem-bios,
2026-07-29T06:10:21+00:00,598eefc,ps1-tests/gpu/benchmark,benchmark.exe,sem-bios,
2026-07-29T06:10:21+00:00,598eefc,ps1-tests/gpu/clipping,clipping.exe,sem-bios,
2026-07-29T06:10:21+00:00,598eefc,ps1-tests/gpu/clut-cache,clut-cache.exe,sem-bios,
2026-07-29T06:10:21+00:00,598eefc,ps1-tests/gpu/gp0-e1,gp0-e1.exe,sem-bios,
2026-07-29T06:10:21+00:00,598eefc,ps1-tests/gpu/lines,lines.exe,sem-bios,
2026-07-29T06:10:21+00:00,598eefc,ps1-tests/gpu/mask-bit,mask-bit.exe,sem-bios,
2026-07-29T06:10:21+00:00,598eefc,ps1-tests/gpu/quad,quad.exe,sem-bios,
2026-07-29T06:10:21+00:00,598eefc,ps1-tests/gpu/rectangles,rectangles.exe,sem-bios,
2026-07-29T06:10:21+00:00,598eefc,ps1-tests/gpu/texture-flip,texture-flip.exe,sem-bios,
2026-07-29T06:10:21+00:00,598eefc,ps1-tests/gpu/texture-overflow,texture-overflow.exe,sem-bios,
2026-07-29T06:10:21+00:00,598eefc,ps1-tests/gpu/transparency,transparency.exe,sem-bios,
2026-07-29T06:10:21+00:00,598eefc,ps1-tests/gpu/triangle,triangle.exe,sem-bios,
2026-07-29T06:10:21+00:00,598eefc,ps1-tests/gpu/uv-interpolation,uv-interpolation.exe,sem-bios,
2026-07-29T06:10:21+00:00,598eefc,ps1-tests/gpu/version-detect,version-detect.exe,sem-bios,
2026-07-29T06:10:21+00:00,598eefc,ps1-tests/gpu/vram-to-vram-overlap,vram-to-vram-overlap.exe,sem-bios,
2026-07-29T06:10:21+00:00,598eefc,ps1-tests/gte-fuzz,gte-fuzz.exe,sem-bios,
2026-07-29T06:10:21+00:00,598eefc,ps1-tests/gte/test-all,test-all.exe,sem-bios,
2026-07-29T06:10:21+00:00,598eefc,ps1-tests/input/pad,pad.exe,sem-bios,
2026-07-29T06:10:21+00:00,598eefc,ps1-tests/mdec/4bit,4bit.exe,sem-bios,
2026-07-29T06:10:21+00:00,598eefc,ps1-tests/mdec/8bit,8bit.exe,sem-bios,
2026-07-29T06:10:21+00:00,598eefc,ps1-tests/mdec/frame,frame-15bit-dma.exe,sem-bios,
2026-07-29T06:10:21+00:00,598eefc,ps1-tests/mdec/frame,frame-15bit.exe,sem-bios,
2026-07-29T06:10:21+00:00,598eefc,ps1-tests/mdec/frame,frame-24bit-dma.exe,sem-bios,
2026-07-29T06:10:21+00:00,598eefc,ps1-tests/mdec/frame,frame-24bit.exe,sem-bios,
2026-07-29T06:10:21+00:00,598eefc,ps1-tests/mdec/movie,movie-15bit.exe,sem-bios,
2026-07-29T06:10:21+00:00,598eefc,ps1-tests/mdec/movie,movie-24bit.exe,sem-bios,
2026-07-29T06:10:21+00:00,598eefc,ps1-tests/mdec/step-by-step-log,step-by-step-log.exe,sem-bios,
2026-07-29T06:10:21+00:00,598eefc,ps1-tests/spu/memory-transfer,memory-transfer.exe,sem-bios,
2026-07-29T06:10:21+00:00,598eefc,ps1-tests/spu/ram-sandbox,ram-sandbox.exe,sem-bios,
2026-07-29T06:10:21+00:00,598eefc,ps1-tests/spu/stereo,stereo.exe,sem-bios,
2026-07-29T06:10:21+00:00,598eefc,ps1-tests/spu/test,test.exe,sem-bios,
2026-07-29T06:10:21+00:00,598eefc,ps1-tests/spu/toolbox,toolbox.exe,sem-bios,
2026-07-29T06:10:21+00:00,598eefc,ps1-tests/timer-dump,timer-dump.exe,sem-bios,
2026-07-29T06:10:21+00:00,598eefc,ps1-tests/timers,timers.exe,sem-bios,
2026-07-29T06:10:21+00:00,598eefc,ps1-tests/tools/diffvram,diffvram-windows-amd64.exe,sem-bios,
2026-07-29T06:39:01+00:00,d0afe00,amidog/cpu,psxtest_cpu.exe,sem-bios,
2026-07-29T06:39:01+00:00,d0afe00,amidog/gte,psxtest_gte.exe,sem-bios,
2026-07-29T06:39:01+00:00,d0afe00,ps1-tests/cdrom/disc-swap,disc-swap.exe,sem-bios,
2026-07-29T06:39:01+00:00,d0afe00,ps1-tests/cdrom/getloc,getloc.exe,sem-bios,
2026-07-29T06:39:01+00:00,d0afe00,ps1-tests/cdrom/terminal,terminal.exe,sem-bios,
2026-07-29T06:39:01+00:00,d0afe00,ps1-tests/cdrom/timing,timing.exe,sem-bios,
2026-07-29T06:39:01+00:00,d0afe00,ps1-tests/cpu/access-time,access-time.exe,sem-bios,
2026-07-29T06:39:01+00:00,d0afe00,ps1-tests/cpu/code-in-io,code-in-io.exe,sem-bios,
2026-07-29T06:39:01+00:00,d0afe00,ps1-tests/cpu/cop,cop.exe,sem-bios,
2026-07-29T06:39:01+00:00,d0afe00,ps1-tests/cpu/io-access-bitwidth,io-access-bitwidth.exe,sem-bios,
2026-07-29T06:39:01+00:00,d0afe00,ps1-tests/dma/chain-looping,chain-looping.exe,sem-bios,
2026-07-29T06:39:01+00:00,d0afe00,ps1-tests/dma/chopping,chopping.exe,sem-bios,
2026-07-29T06:39:01+00:00,d0afe00,ps1-tests/dma/dpcr,dpcr.exe,sem-bios,
2026-07-29T06:39:01+00:00,d0afe00,ps1-tests/dma/otc-test,otc-test.exe,sem-bios,
2026-07-29T06:39:01+00:00,d0afe00,ps1-tests/gpu/animated-triangle,animated-triangle.exe,sem-bios,
2026-07-29T06:39:01+00:00,d0afe00,ps1-tests/gpu/bandwidth,bandwidth.exe,sem-bios,
2026-07-29T06:39:01+00:00,d0afe00,ps1-tests/gpu/benchmark,benchmark.exe,sem-bios,
2026-07-29T06:39:01+00:00,d0afe00,ps1-tests/gpu/clipping,clipping.exe,sem-bios,
2026-07-29T06:39:01+00:00,d0afe00,ps1-tests/gpu/clut-cache,clut-cache.exe,sem-bios,
2026-07-29T06:39:01+00:00,d0afe00,ps1-tests/gpu/gp0-e1,gp0-e1.exe,sem-bios,
2026-07-29T06:39:01+00:00,d0afe00,ps1-tests/gpu/lines,lines.exe,sem-bios,
2026-07-29T06:39:01+00:00,d0afe00,ps1-tests/gpu/mask-bit,mask-bit.exe,sem-bios,
2026-07-29T06:39:01+00:00,d0afe00,ps1-tests/gpu/quad,quad.exe,sem-bios,
2026-07-29T06:39:01+00:00,d0afe00,ps1-tests/gpu/rectangles,rectangles.exe,sem-bios,
2026-07-29T06:39:01+00:00,d0afe00,ps1-tests/gpu/texture-flip,texture-flip.exe,sem-bios,
2026-07-29T06:39:01+00:00,d0afe00,ps1-tests/gpu/texture-overflow,texture-overflow.exe,sem-bios,
2026-07-29T06:39:01+00:00,d0afe00,ps1-tests/gpu/transparency,transparency.exe,sem-bios,
2026-07-29T06:39:01+00:00,d0afe00,ps1-tests/gpu/triangle,triangle.exe,sem-bios,
2026-07-29T06:39:01+00:00,d0afe00,ps1-tests/gpu/uv-interpolation,uv-interpolation.exe,sem-bios,
2026-07-29T06:39:01+00:00,d0afe00,ps1-tests/gpu/version-detect,version-detect.exe,sem-bios,
2026-07-29T06:39:01+00:00,d0afe00,ps1-tests/gpu/vram-to-vram-overlap,vram-to-vram-overlap.exe,sem-bios,
2026-07-29T06:39:01+00:00,d0afe00,ps1-tests/gte-fuzz,gte-fuzz.exe,sem-bios,
2026-07-29T06:39:01+00:00,d0afe00,ps1-tests/gte/test-all,test-all.exe,sem-bios,
2026-07-29T06:39:01+00:00,d0afe00,ps1-tests/input/pad,pad.exe,sem-bios,
2026-07-29T06:39:01+00:00,d0afe00,ps1-tests/mdec/4bit,4bit.exe,sem-bios,
2026-07-29T06:39:01+00:00,d0afe00,ps1-tests/mdec/8bit,8bit.exe,sem-bios,
2026-07-29T06:39:01+00:00,d0afe00,ps1-tests/mdec/frame,frame-15bit-dma.exe,sem-bios,
2026-07-29T06:39:01+00:00,d0afe00,ps1-tests/mdec/frame,frame-15bit.exe,sem-bios,
2026-07-29T06:39:01+00:00,d0afe00,ps1-tests/mdec/frame,frame-24bit-dma.exe,sem-bios,
2026-07-29T06:39:01+00:00,d0afe00,ps1-tests/mdec/frame,frame-24bit.exe,sem-bios,
2026-07-29T06:39:01+00:00,d0afe00,ps1-tests/mdec/movie,movie-15bit.exe,sem-bios,
2026-07-29T06:39:01+00:00,d0afe00,ps1-tests/mdec/movie,movie-24bit.exe,sem-bios,
2026-07-29T06:39:01+00:00,d0afe00,ps1-tests/mdec/step-by-step-log,step-by-step-log.exe,sem-bios,
2026-07-29T06:39:01+00:00,d0afe00,ps1-tests/spu/memory-transfer,memory-transfer.exe,sem-bios,
2026-07-29T06:39:01+00:00,d0afe00,ps1-tests/spu/ram-sandbox,ram-sandbox.exe,sem-bios,
2026-07-29T06:39:01+00:00,d0afe00,ps1-tests/spu/stereo,stereo.exe,sem-bios,
2026-07-29T06:39:01+00:00,d0afe00,ps1-tests/spu/test,test.exe,sem-bios,
2026-07-29T06:39:01+00:00,d0afe00,ps1-tests/spu/toolbox,toolbox.exe,sem-bios,
2026-07-29T06:39:01+00:00,d0afe00,ps1-tests/timer-dump,timer-dump.exe,sem-bios,
2026-07-29T06:39:01+00:00,d0afe00,ps1-tests/timers,timers.exe,sem-bios,
2026-07-29T06:39:01+00:00,d0afe00,ps1-tests/tools/diffvram,diffvram-windows-amd64.exe,sem-bios,
2026-07-29T07:03:04+00:00,9460876,amidog/cpu,psxtest_cpu.exe,sem-bios,
2026-07-29T07:03:04+00:00,9460876,amidog/gte,psxtest_gte.exe,sem-bios,
2026-07-29T07:03:04+00:00,9460876,ps1-tests/cdrom/disc-swap,disc-swap.exe,sem-bios,
2026-07-29T07:03:04+00:00,9460876,ps1-tests/cdrom/getloc,getloc.exe,sem-bios,
2026-07-29T07:03:04+00:00,9460876,ps1-tests/cdrom/terminal,terminal.exe,sem-bios,
2026-07-29T07:03:04+00:00,9460876,ps1-tests/cdrom/timing,timing.exe,sem-bios,
2026-07-29T07:03:04+00:00,9460876,ps1-tests/cpu/access-time,access-time.exe,sem-bios,
2026-07-29T07:03:04+00:00,9460876,ps1-tests/cpu/code-in-io,code-in-io.exe,sem-bios,
2026-07-29T07:03:04+00:00,9460876,ps1-tests/cpu/cop,cop.exe,sem-bios,
2026-07-29T07:03:04+00:00,9460876,ps1-tests/cpu/io-access-bitwidth,io-access-bitwidth.exe,sem-bios,
2026-07-29T07:03:04+00:00,9460876,ps1-tests/dma/chain-looping,chain-looping.exe,sem-bios,
2026-07-29T07:03:04+00:00,9460876,ps1-tests/dma/chopping,chopping.exe,sem-bios,
2026-07-29T07:03:04+00:00,9460876,ps1-tests/dma/dpcr,dpcr.exe,sem-bios,
2026-07-29T07:03:04+00:00,9460876,ps1-tests/dma/otc-test,otc-test.exe,sem-bios,
2026-07-29T07:03:04+00:00,9460876,ps1-tests/gpu/animated-triangle,animated-triangle.exe,sem-bios,
2026-07-29T07:03:04+00:00,9460876,ps1-tests/gpu/bandwidth,bandwidth.exe,sem-bios,
2026-07-29T07:03:04+00:00,9460876,ps1-tests/gpu/benchmark,benchmark.exe,sem-bios,
2026-07-29T07:03:04+00:00,9460876,ps1-tests/gpu/clipping,clipping.exe,sem-bios,
2026-07-29T07:03:04+00:00,9460876,ps1-tests/gpu/clut-cache,clut-cache.exe,sem-bios,
2026-07-29T07:03:04+00:00,9460876,ps1-tests/gpu/gp0-e1,gp0-e1.exe,sem-bios,
2026-07-29T07:03:04+00:00,9460876,ps1-tests/gpu/lines,lines.exe,sem-bios,
2026-07-29T07:03:04+00:00,9460876,ps1-tests/gpu/mask-bit,mask-bit.exe,sem-bios,
2026-07-29T07:03:04+00:00,9460876,ps1-tests/gpu/quad,quad.exe,sem-bios,
2026-07-29T07:03:04+00:00,9460876,ps1-tests/gpu/rectangles,rectangles.exe,sem-bios,
2026-07-29T07:03:04+00:00,9460876,ps1-tests/gpu/texture-flip,texture-flip.exe,sem-bios,
2026-07-29T07:03:04+00:00,9460876,ps1-tests/gpu/texture-overflow,texture-overflow.exe,sem-bios,
2026-07-29T07:03:04+00:00,9460876,ps1-tests/gpu/transparency,transparency.exe,sem-bios,
2026-07-29T07:03:04+00:00,9460876,ps1-tests/gpu/triangle,triangle.exe,sem-bios,
2026-07-29T07:03:04+00:00,9460876,ps1-tests/gpu/uv-interpolation,uv-interpolation.exe,sem-bios,
2026-07-29T07:03:04+00:00,9460876,ps1-tests/gpu/version-detect,version-detect.exe,sem-bios,
2026-07-29T07:03:04+00:00,9460876,ps1-tests/gpu/vram-to-vram-overlap,vram-to-vram-overlap.exe,sem-bios,
2026-07-29T07:03:04+00:00,9460876,ps1-tests/gte-fuzz,gte-fuzz.exe,sem-bios,
2026-07-29T07:03:04+00:00,9460876,ps1-tests/gte/test-all,test-all.exe,sem-bios,
2026-07-29T07:03:04+00:00,9460876,ps1-tests/input/pad,pad.exe,sem-bios,
2026-07-29T07:03:04+00:00,9460876,ps1-tests/mdec/4bit,4bit.exe,sem-bios,
2026-07-29T07:03:04+00:00,9460876,ps1-tests/mdec/8bit,8bit.exe,sem-bios,
2026-07-29T07:03:04+00:00,9460876,ps1-tests/mdec/frame,frame-15bit-dma.exe,sem-bios,
2026-07-29T07:03:04+00:00,9460876,ps1-tests/mdec/frame,frame-15bit.exe,sem-bios,
2026-07-29T07:03:04+00:00,9460876,ps1-tests/mdec/frame,frame-24bit-dma.exe,sem-bios,
2026-07-29T07:03:04+00:00,9460876,ps1-tests/mdec/frame,frame-24bit.exe,sem-bios,
2026-07-29T07:03:04+00:00,9460876,ps1-tests/mdec/movie,movie-15bit.exe,sem-bios,
2026-07-29T07:03:04+00:00,9460876,ps1-tests/mdec/movie,movie-24bit.exe,sem-bios,
2026-07-29T07:03:04+00:00,9460876,ps1-tests/mdec/step-by-step-log,step-by-step-log.exe,sem-bios,
2026-07-29T07:03:04+00:00,9460876,ps1-tests/spu/memory-transfer,memory-transfer.exe,sem-bios,
2026-07-29T07:03:04+00:00,9460876,ps1-tests/spu/ram-sandbox,ram-sandbox.exe,sem-bios,
2026-07-29T07:03:04+00:00,9460876,ps1-tests/spu/stereo,stereo.exe,sem-bios,
2026-07-29T07:03:04+00:00,9460876,ps1-tests/spu/test,test.exe,sem-bios,
2026-07-29T07:03:04+00:00,9460876,ps1-tests/spu/toolbox,toolbox.exe,sem-bios,
2026-07-29T07:03:04+00:00,9460876,ps1-tests/timer-dump,timer-dump.exe,sem-bios,
2026-07-29T07:03:04+00:00,9460876,ps1-tests/timers,timers.exe,sem-bios,
2026-07-29T07:03:04+00:00,9460876,ps1-tests/tools/diffvram,diffvram-windows-amd64.exe,sem-bios,
2026-07-29T07:30:26+00:00,9d901dd,amidog/cpu,psxtest_cpu.exe,sem-bios,
2026-07-29T07:30:26+00:00,9d901dd,amidog/gte,psxtest_gte.exe,sem-bios,
2026-07-29T07:30:26+00:00,9d901dd,ps1-tests/cdrom/disc-swap,disc-swap.exe,sem-bios,
2026-07-29T07:30:26+00:00,9d901dd,ps1-tests/cdrom/getloc,getloc.exe,sem-bios,
2026-07-29T07:30:26+00:00,9d901dd,ps1-tests/cdrom/terminal,terminal.exe,sem-bios,
2026-07-29T07:30:26+00:00,9d901dd,ps1-tests/cdrom/timing,timing.exe,sem-bios,
2026-07-29T07:30:26+00:00,9d901dd,ps1-tests/cpu/access-time,access-time.exe,sem-bios,
2026-07-29T07:30:26+00:00,9d901dd,ps1-tests/cpu/code-in-io,code-in-io.exe,sem-bios,
2026-07-29T07:30:26+00:00,9d901dd,ps1-tests/cpu/cop,cop.exe,sem-bios,
2026-07-29T07:30:26+00:00,9d901dd,ps1-tests/cpu/io-access-bitwidth,io-access-bitwidth.exe,sem-bios,
2026-07-29T07:30:26+00:00,9d901dd,ps1-tests/dma/chain-looping,chain-looping.exe,sem-bios,
2026-07-29T07:30:26+00:00,9d901dd,ps1-tests/dma/chopping,chopping.exe,sem-bios,
2026-07-29T07:30:26+00:00,9d901dd,ps1-tests/dma/dpcr,dpcr.exe,sem-bios,
2026-07-29T07:30:26+00:00,9d901dd,ps1-tests/dma/otc-test,otc-test.exe,sem-bios,
2026-07-29T07:30:26+00:00,9d901dd,ps1-tests/gpu/animated-triangle,animated-triangle.exe,sem-bios,
2026-07-29T07:30:26+00:00,9d901dd,ps1-tests/gpu/bandwidth,bandwidth.exe,sem-bios,
2026-07-29T07:30:26+00:00,9d901dd,ps1-tests/gpu/benchmark,benchmark.exe,sem-bios,
2026-07-29T07:30:26+00:00,9d901dd,ps1-tests/gpu/clipping,clipping.exe,sem-bios,
2026-07-29T07:30:26+00:00,9d901dd,ps1-tests/gpu/clut-cache,clut-cache.exe,sem-bios,
2026-07-29T07:30:26+00:00,9d901dd,ps1-tests/gpu/gp0-e1,gp0-e1.exe,sem-bios,
2026-07-29T07:30:26+00:00,9d901dd,ps1-tests/gpu/lines,lines.exe,sem-bios,
2026-07-29T07:30:26+00:00,9d901dd,ps1-tests/gpu/mask-bit,mask-bit.exe,sem-bios,
2026-07-29T07:30:26+00:00,9d901dd,ps1-tests/gpu/quad,quad.exe,sem-bios,
2026-07-29T07:30:26+00:00,9d901dd,ps1-tests/gpu/rectangles,rectangles.exe,sem-bios,
2026-07-29T07:30:26+00:00,9d901dd,ps1-tests/gpu/texture-flip,texture-flip.exe,sem-bios,
2026-07-29T07:30:26+00:00,9d901dd,ps1-tests/gpu/texture-overflow,texture-overflow.exe,sem-bios,
2026-07-29T07:30:26+00:00,9d901dd,ps1-tests/gpu/transparency,transparency.exe,sem-bios,
2026-07-29T07:30:26+00:00,9d901dd,ps1-tests/gpu/triangle,triangle.exe,sem-bios,
2026-07-29T07:30:26+00:00,9d901dd,ps1-tests/gpu/uv-interpolation,uv-interpolation.exe,sem-bios,
2026-07-29T07:30:26+00:00,9d901dd,ps1-tests/gpu/version-detect,version-detect.exe,sem-bios,
2026-07-29T07:30:26+00:00,9d901dd,ps1-tests/gpu/vram-to-vram-overlap,vram-to-vram-overlap.exe,sem-bios,
2026-07-29T07:30:26+00:00,9d901dd,ps1-tests/gte-fuzz,gte-fuzz.exe,sem-bios,
2026-07-29T07:30:26+00:00,9d901dd,ps1-tests/gte/test-all,test-all.exe,sem-bios,
2026-07-29T07:30:26+00:00,9d901dd,ps1-tests/input/pad,pad.exe,sem-bios,
2026-07-29T07:30:26+00:00,9d901dd,ps1-tests/mdec/4bit,4bit.exe,sem-bios,
2026-07-29T07:30:26+00:00,9d901dd,ps1-tests/mdec/8bit,8bit.exe,sem-bios,
2026-07-29T07:30:26+00:00,9d901dd,ps1-tests/mdec/frame,frame-15bit-dma.exe,sem-bios,
2026-07-29T07:30:26+00:00,9d901dd,ps1-tests/mdec/frame,frame-15bit.exe,sem-bios,
2026-07-29T07:30:26+00:00,9d901dd,ps1-tests/mdec/frame,frame-24bit-dma.exe,sem-bios,
2026-07-29T07:30:26+00:00,9d901dd,ps1-tests/mdec/frame,frame-24bit.exe,sem-bios,
2026-07-29T07:30:26+00:00,9d901dd,ps1-tests/mdec/movie,movie-15bit.exe,sem-bios,
2026-07-29T07:30:26+00:00,9d901dd,ps1-tests/mdec/movie,movie-24bit.exe,sem-bios,
2026-07-29T07:30:26+00:00,9d901dd,ps1-tests/mdec/step-by-step-log,step-by-step-log.exe,sem-bios,
2026-07-29T07:30:26+00:00,9d901dd,ps1-tests/spu/memory-transfer,memory-transfer.exe,sem-bios,
2026-07-29T07:30:26+00:00,9d901dd,ps1-tests/spu/ram-sandbox,ram-sandbox.exe,sem-bios,
2026-07-29T07:30:26+00:00,9d901dd,ps1-tests/spu/stereo,stereo.exe,sem-bios,
2026-07-29T07:30:26+00:00,9d901dd,ps1-tests/spu/test,test.exe,sem-bios,
2026-07-29T07:30:26+00:00,9d901dd,ps1-tests/spu/toolbox,toolbox.exe,sem-bios,
2026-07-29T07:30:26+00:00,9d901dd,ps1-tests/timer-dump,timer-dump.exe,sem-bios,
2026-07-29T07:30:26+00:00,9d901dd,ps1-tests/timers,timers.exe,sem-bios,
2026-07-29T07:30:26+00:00,9d901dd,ps1-tests/tools/diffvram,diffvram-windows-amd64.exe,sem-bios,
2026-07-29T08:00:27+00:00,a3bf7fc,amidog/cpu,psxtest_cpu.exe,sem-bios,
2026-07-29T08:00:27+00:00,a3bf7fc,amidog/gte,psxtest_gte.exe,sem-bios,
2026-07-29T08:00:27+00:00,a3bf7fc,ps1-tests/cdrom/disc-swap,disc-swap.exe,sem-bios,
2026-07-29T08:00:27+00:00,a3bf7fc,ps1-tests/cdrom/getloc,getloc.exe,sem-bios,
2026-07-29T08:00:27+00:00,a3bf7fc,ps1-tests/cdrom/terminal,terminal.exe,sem-bios,
2026-07-29T08:00:27+00:00,a3bf7fc,ps1-tests/cdrom/timing,timing.exe,sem-bios,
2026-07-29T08:00:27+00:00,a3bf7fc,ps1-tests/cpu/access-time,access-time.exe,sem-bios,
2026-07-29T08:00:27+00:00,a3bf7fc,ps1-tests/cpu/code-in-io,code-in-io.exe,sem-bios,
2026-07-29T08:00:27+00:00,a3bf7fc,ps1-tests/cpu/cop,cop.exe,sem-bios,
2026-07-29T08:00:27+00:00,a3bf7fc,ps1-tests/cpu/io-access-bitwidth,io-access-bitwidth.exe,sem-bios,
2026-07-29T08:00:27+00:00,a3bf7fc,ps1-tests/dma/chain-looping,chain-looping.exe,sem-bios,
2026-07-29T08:00:27+00:00,a3bf7fc,ps1-tests/dma/chopping,chopping.exe,sem-bios,
2026-07-29T08:00:27+00:00,a3bf7fc,ps1-tests/dma/dpcr,dpcr.exe,sem-bios,
2026-07-29T08:00:27+00:00,a3bf7fc,ps1-tests/dma/otc-test,otc-test.exe,sem-bios,
2026-07-29T08:00:27+00:00,a3bf7fc,ps1-tests/gpu/animated-triangle,animated-triangle.exe,sem-bios,
2026-07-29T08:00:27+00:00,a3bf7fc,ps1-tests/gpu/bandwidth,bandwidth.exe,sem-bios,
2026-07-29T08:00:27+00:00,a3bf7fc,ps1-tests/gpu/benchmark,benchmark.exe,sem-bios,
2026-07-29T08:00:27+00:00,a3bf7fc,ps1-tests/gpu/clipping,clipping.exe,sem-bios,
2026-07-29T08:00:27+00:00,a3bf7fc,ps1-tests/gpu/clut-cache,clut-cache.exe,sem-bios,
2026-07-29T08:00:27+00:00,a3bf7fc,ps1-tests/gpu/gp0-e1,gp0-e1.exe,sem-bios,
2026-07-29T08:00:27+00:00,a3bf7fc,ps1-tests/gpu/lines,lines.exe,sem-bios,
2026-07-29T08:00:27+00:00,a3bf7fc,ps1-tests/gpu/mask-bit,mask-bit.exe,sem-bios,
2026-07-29T08:00:27+00:00,a3bf7fc,ps1-tests/gpu/quad,quad.exe,sem-bios,
2026-07-29T08:00:27+00:00,a3bf7fc,ps1-tests/gpu/rectangles,rectangles.exe,sem-bios,
2026-07-29T08:00:27+00:00,a3bf7fc,ps1-tests/gpu/texture-flip,texture-flip.exe,sem-bios,
2026-07-29T08:00:27+00:00,a3bf7fc,ps1-tests/gpu/texture-overflow,texture-overflow.exe,sem-bios,
2026-07-29T08:00:27+00:00,a3bf7fc,ps1-tests/gpu/transparency,transparency.exe,sem-bios,
2026-07-29T08:00:27+00:00,a3bf7fc,ps1-tests/gpu/triangle,triangle.exe,sem-bios,
2026-07-29T08:00:27+00:00,a3bf7fc,ps1-tests/gpu/uv-interpolation,uv-interpolation.exe,sem-bios,
2026-07-29T08:00:27+00:00,a3bf7fc,ps1-tests/gpu/version-detect,version-detect.exe,sem-bios,
2026-07-29T08:00:27+00:00,a3bf7fc,ps1-tests/gpu/vram-to-vram-overlap,vram-to-vram-overlap.exe,sem-bios,
2026-07-29T08:00:27+00:00,a3bf7fc,ps1-tests/gte-fuzz,gte-fuzz.exe,sem-bios,
2026-07-29T08:00:27+00:00,a3bf7fc,ps1-tests/gte/test-all,test-all.exe,sem-bios,
2026-07-29T08:00:27+00:00,a3bf7fc,ps1-tests/input/pad,pad.exe,sem-bios,
2026-07-29T08:00:27+00:00,a3bf7fc,ps1-tests/mdec/4bit,4bit.exe,sem-bios,
2026-07-29T08:00:27+00:00,a3bf7fc,ps1-tests/mdec/8bit,8bit.exe,sem-bios,
2026-07-29T08:00:27+00:00,a3bf7fc,ps1-tests/mdec/frame,frame-15bit-dma.exe,sem-bios,
2026-07-29T08:00:27+00:00,a3bf7fc,ps1-tests/mdec/frame,frame-15bit.exe,sem-bios,
2026-07-29T08:00:27+00:00,a3bf7fc,ps1-tests/mdec/frame,frame-24bit-dma.exe,sem-bios,
2026-07-29T08:00:27+00:00,a3bf7fc,ps1-tests/mdec/frame,frame-24bit.exe,sem-bios,
2026-07-29T08:00:27+00:00,a3bf7fc,ps1-tests/mdec/movie,movie-15bit.exe,sem-bios,
2026-07-29T08:00:27+00:00,a3bf7fc,ps1-tests/mdec/movie,movie-24bit.exe,sem-bios,
2026-07-29T08:00:27+00:00,a3bf7fc,ps1-tests/mdec/step-by-step-log,step-by-step-log.exe,sem-bios,
2026-07-29T08:00:27+00:00,a3bf7fc,ps1-tests/spu/memory-transfer,memory-transfer.exe,sem-bios,
2026-07-29T08:00:27+00:00,a3bf7fc,ps1-tests/spu/ram-sandbox,ram-sandbox.exe,sem-bios,
2026-07-29T08:00:27+00:00,a3bf7fc,ps1-tests/spu/stereo,stereo.exe,sem-bios,
2026-07-29T08:00:27+00:00,a3bf7fc,ps1-tests/spu/test,test.exe,sem-bios,
2026-07-29T08:00:27+00:00,a3bf7fc,ps1-tests/spu/toolbox,toolbox.exe,sem-bios,
2026-07-29T08:00:27+00:00,a3bf7fc,ps1-tests/timer-dump,timer-dump.exe,sem-bios,
2026-07-29T08:00:27+00:00,a3bf7fc,ps1-tests/timers,timers.exe,sem-bios,
2026-07-29T08:00:27+00:00,a3bf7fc,ps1-tests/tools/diffvram,diffvram-windows-amd64.exe,sem-bios,
2026-07-29T08:20:22+00:00,b4c80e7,amidog/cpu,psxtest_cpu.exe,sem-bios,
2026-07-29T08:20:22+00:00,b4c80e7,amidog/gte,psxtest_gte.exe,sem-bios,
2026-07-29T08:20:22+00:00,b4c80e7,ps1-tests/cdrom/disc-swap,disc-swap.exe,sem-bios,
2026-07-29T08:20:22+00:00,b4c80e7,ps1-tests/cdrom/getloc,getloc.exe,sem-bios,
2026-07-29T08:20:22+00:00,b4c80e7,ps1-tests/cdrom/terminal,terminal.exe,sem-bios,
2026-07-29T08:20:22+00:00,b4c80e7,ps1-tests/cdrom/timing,timing.exe,sem-bios,
2026-07-29T08:20:22+00:00,b4c80e7,ps1-tests/cpu/access-time,access-time.exe,sem-bios,
2026-07-29T08:20:22+00:00,b4c80e7,ps1-tests/cpu/code-in-io,code-in-io.exe,sem-bios,
2026-07-29T08:20:22+00:00,b4c80e7,ps1-tests/cpu/cop,cop.exe,sem-bios,
2026-07-29T08:20:22+00:00,b4c80e7,ps1-tests/cpu/io-access-bitwidth,io-access-bitwidth.exe,sem-bios,
2026-07-29T08:20:22+00:00,b4c80e7,ps1-tests/dma/chain-looping,chain-looping.exe,sem-bios,
2026-07-29T08:20:22+00:00,b4c80e7,ps1-tests/dma/chopping,chopping.exe,sem-bios,
2026-07-29T08:20:22+00:00,b4c80e7,ps1-tests/dma/dpcr,dpcr.exe,sem-bios,
2026-07-29T08:20:22+00:00,b4c80e7,ps1-tests/dma/otc-test,otc-test.exe,sem-bios,
2026-07-29T08:20:22+00:00,b4c80e7,ps1-tests/gpu/animated-triangle,animated-triangle.exe,sem-bios,
2026-07-29T08:20:22+00:00,b4c80e7,ps1-tests/gpu/bandwidth,bandwidth.exe,sem-bios,
2026-07-29T08:20:22+00:00,b4c80e7,ps1-tests/gpu/benchmark,benchmark.exe,sem-bios,
2026-07-29T08:20:22+00:00,b4c80e7,ps1-tests/gpu/clipping,clipping.exe,sem-bios,
2026-07-29T08:20:22+00:00,b4c80e7,ps1-tests/gpu/clut-cache,clut-cache.exe,sem-bios,
2026-07-29T08:20:22+00:00,b4c80e7,ps1-tests/gpu/gp0-e1,gp0-e1.exe,sem-bios,
2026-07-29T08:20:22+00:00,b4c80e7,ps1-tests/gpu/lines,lines.exe,sem-bios,
2026-07-29T08:20:22+00:00,b4c80e7,ps1-tests/gpu/mask-bit,mask-bit.exe,sem-bios,
2026-07-29T08:20:22+00:00,b4c80e7,ps1-tests/gpu/quad,quad.exe,sem-bios,
2026-07-29T08:20:22+00:00,b4c80e7,ps1-tests/gpu/rectangles,rectangles.exe,sem-bios,
2026-07-29T08:20:22+00:00,b4c80e7,ps1-tests/gpu/texture-flip,texture-flip.exe,sem-bios,
2026-07-29T08:20:22+00:00,b4c80e7,ps1-tests/gpu/texture-overflow,texture-overflow.exe,sem-bios,
2026-07-29T08:20:22+00:00,b4c80e7,ps1-tests/gpu/transparency,transparency.exe,sem-bios,
2026-07-29T08:20:22+00:00,b4c80e7,ps1-tests/gpu/triangle,triangle.exe,sem-bios,
2026-07-29T08:20:22+00:00,b4c80e7,ps1-tests/gpu/uv-interpolation,uv-interpolation.exe,sem-bios,
2026-07-29T08:20:22+00:00,b4c80e7,ps1-tests/gpu/version-detect,version-detect.exe,sem-bios,
2026-07-29T08:20:22+00:00,b4c80e7,ps1-tests/gpu/vram-to-vram-overlap,vram-to-vram-overlap.exe,sem-bios,
2026-07-29T08:20:22+00:00,b4c80e7,ps1-tests/gte-fuzz,gte-fuzz.exe,sem-bios,
2026-07-29T08:20:22+00:00,b4c80e7,ps1-tests/gte/test-all,test-all.exe,sem-bios,
2026-07-29T08:20:22+00:00,b4c80e7,ps1-tests/input/pad,pad.exe,sem-bios,
2026-07-29T08:20:22+00:00,b4c80e7,ps1-tests/mdec/4bit,4bit.exe,sem-bios,
2026-07-29T08:20:22+00:00,b4c80e7,ps1-tests/mdec/8bit,8bit.exe,sem-bios,
2026-07-29T08:20:22+00:00,b4c80e7,ps1-tests/mdec/frame,frame-15bit-dma.exe,sem-bios,
2026-07-29T08:20:22+00:00,b4c80e7,ps1-tests/mdec/frame,frame-15bit.exe,sem-bios,
2026-07-29T08:20:22+00:00,b4c80e7,ps1-tests/mdec/frame,frame-24bit-dma.exe,sem-bios,
2026-07-29T08:20:22+00:00,b4c80e7,ps1-tests/mdec/frame,frame-24bit.exe,sem-bios,
2026-07-29T08:20:22+00:00,b4c80e7,ps1-tests/mdec/movie,movie-15bit.exe,sem-bios,
2026-07-29T08:20:22+00:00,b4c80e7,ps1-tests/mdec/movie,movie-24bit.exe,sem-bios,
2026-07-29T08:20:22+00:00,b4c80e7,ps1-tests/mdec/step-by-step-log,step-by-step-log.exe,sem-bios,
2026-07-29T08:20:22+00:00,b4c80e7,ps1-tests/spu/memory-transfer,memory-transfer.exe,sem-bios,
2026-07-29T08:20:22+00:00,b4c80e7,ps1-tests/spu/ram-sandbox,ram-sandbox.exe,sem-bios,
2026-07-29T08:20:22+00:00,b4c80e7,ps1-tests/spu/stereo,stereo.exe,sem-bios,
2026-07-29T08:20:22+00:00,b4c80e7,ps1-tests/spu/test,test.exe,sem-bios,
2026-07-29T08:20:22+00:00,b4c80e7,ps1-tests/spu/toolbox,toolbox.exe,sem-bios,
2026-07-29T08:20:22+00:00,b4c80e7,ps1-tests/timer-dump,timer-dump.exe,sem-bios,
2026-07-29T08:20:22+00:00,b4c80e7,ps1-tests/timers,timers.exe,sem-bios,
2026-07-29T08:20:22+00:00,b4c80e7,ps1-tests/tools/diffvram,diffvram-windows-amd64.exe,sem-bios,
2026-07-29T08:52:41+00:00,d4b6c62,amidog/cpu,psxtest_cpu.exe,sem-bios,
2026-07-29T08:52:41+00:00,d4b6c62,amidog/gte,psxtest_gte.exe,sem-bios,
2026-07-29T08:52:41+00:00,d4b6c62,ps1-tests/cdrom/disc-swap,disc-swap.exe,sem-bios,
2026-07-29T08:52:41+00:00,d4b6c62,ps1-tests/cdrom/getloc,getloc.exe,sem-bios,
2026-07-29T08:52:41+00:00,d4b6c62,ps1-tests/cdrom/terminal,terminal.exe,sem-bios,
2026-07-29T08:52:41+00:00,d4b6c62,ps1-tests/cdrom/timing,timing.exe,sem-bios,
2026-07-29T08:52:41+00:00,d4b6c62,ps1-tests/cpu/access-time,access-time.exe,sem-bios,
2026-07-29T08:52:41+00:00,d4b6c62,ps1-tests/cpu/code-in-io,code-in-io.exe,sem-bios,
2026-07-29T08:52:41+00:00,d4b6c62,ps1-tests/cpu/cop,cop.exe,sem-bios,
2026-07-29T08:52:41+00:00,d4b6c62,ps1-tests/cpu/io-access-bitwidth,io-access-bitwidth.exe,sem-bios,
2026-07-29T08:52:41+00:00,d4b6c62,ps1-tests/dma/chain-looping,chain-looping.exe,sem-bios,
2026-07-29T08:52:41+00:00,d4b6c62,ps1-tests/dma/chopping,chopping.exe,sem-bios,
2026-07-29T08:52:41+00:00,d4b6c62,ps1-tests/dma/dpcr,dpcr.exe,sem-bios,
2026-07-29T08:52:41+00:00,d4b6c62,ps1-tests/dma/otc-test,otc-test.exe,sem-bios,
2026-07-29T08:52:41+00:00,d4b6c62,ps1-tests/gpu/animated-triangle,animated-triangle.exe,sem-bios,
2026-07-29T08:52:41+00:00,d4b6c62,ps1-tests/gpu/bandwidth,bandwidth.exe,sem-bios,
2026-07-29T08:52:41+00:00,d4b6c62,ps1-tests/gpu/benchmark,benchmark.exe,sem-bios,
2026-07-29T08:52:41+00:00,d4b6c62,ps1-tests/gpu/clipping,clipping.exe,sem-bios,
2026-07-29T08:52:41+00:00,d4b6c62,ps1-tests/gpu/clut-cache,clut-cache.exe,sem-bios,
2026-07-29T08:52:41+00:00,d4b6c62,ps1-tests/gpu/gp0-e1,gp0-e1.exe,sem-bios,
2026-07-29T08:52:41+00:00,d4b6c62,ps1-tests/gpu/lines,lines.exe,sem-bios,
2026-07-29T08:52:41+00:00,d4b6c62,ps1-tests/gpu/mask-bit,mask-bit.exe,sem-bios,
2026-07-29T08:52:41+00:00,d4b6c62,ps1-tests/gpu/quad,quad.exe,sem-bios,
2026-07-29T08:52:41+00:00,d4b6c62,ps1-tests/gpu/rectangles,rectangles.exe,sem-bios,
2026-07-29T08:52:41+00:00,d4b6c62,ps1-tests/gpu/texture-flip,texture-flip.exe,sem-bios,
2026-07-29T08:52:41+00:00,d4b6c62,ps1-tests/gpu/texture-overflow,texture-overflow.exe,sem-bios,
2026-07-29T08:52:41+00:00,d4b6c62,ps1-tests/gpu/transparency,transparency.exe,sem-bios,
2026-07-29T08:52:41+00:00,d4b6c62,ps1-tests/gpu/triangle,triangle.exe,sem-bios,
2026-07-29T08:52:41+00:00,d4b6c62,ps1-tests/gpu/uv-interpolation,uv-interpolation.exe,sem-bios,
2026-07-29T08:52:41+00:00,d4b6c62,ps1-tests/gpu/version-detect,version-detect.exe,sem-bios,
2026-07-29T08:52:41+00:00,d4b6c62,ps1-tests/gpu/vram-to-vram-overlap,vram-to-vram-overlap.exe,sem-bios,
2026-07-29T08:52:41+00:00,d4b6c62,ps1-tests/gte-fuzz,gte-fuzz.exe,sem-bios,
2026-07-29T08:52:41+00:00,d4b6c62,ps1-tests/gte/test-all,test-all.exe,sem-bios,
2026-07-29T08:52:41+00:00,d4b6c62,ps1-tests/input/pad,pad.exe,sem-bios,
2026-07-29T08:52:41+00:00,d4b6c62,ps1-tests/mdec/4bit,4bit.exe,sem-bios,
2026-07-29T08:52:41+00:00,d4b6c62,ps1-tests/mdec/8bit,8bit.exe,sem-bios,
2026-07-29T08:52:41+00:00,d4b6c62,ps1-tests/mdec/frame,frame-15bit-dma.exe,sem-bios,
2026-07-29T08:52:41+00:00,d4b6c62,ps1-tests/mdec/frame,frame-15bit.exe,sem-bios,
2026-07-29T08:52:41+00:00,d4b6c62,ps1-tests/mdec/frame,frame-24bit-dma.exe,sem-bios,
2026-07-29T08:52:41+00:00,d4b6c62,ps1-tests/mdec/frame,frame-24bit.exe,sem-bios,
2026-07-29T08:52:41+00:00,d4b6c62,ps1-tests/mdec/movie,movie-15bit.exe,sem-bios,
2026-07-29T08:52:41+00:00,d4b6c62,ps1-tests/mdec/movie,movie-24bit.exe,sem-bios,
2026-07-29T08:52:41+00:00,d4b6c62,ps1-tests/mdec/step-by-step-log,step-by-step-log.exe,sem-bios,
2026-07-29T08:52:41+00:00,d4b6c62,ps1-tests/spu/memory-transfer,memory-transfer.exe,sem-bios,
2026-07-29T08:52:41+00:00,d4b6c62,ps1-tests/spu/ram-sandbox,ram-sandbox.exe,sem-bios,
2026-07-29T08:52:41+00:00,d4b6c62,ps1-tests/spu/stereo,stereo.exe,sem-bios,
2026-07-29T08:52:41+00:00,d4b6c62,ps1-tests/spu/test,test.exe,sem-bios,
2026-07-29T08:52:41+00:00,d4b6c62,ps1-tests/spu/toolbox,toolbox.exe,sem-bios,
2026-07-29T08:52:41+00:00,d4b6c62,ps1-tests/timer-dump,timer-dump.exe,sem-bios,
2026-07-29T08:52:41+00:00,d4b6c62,ps1-tests/timers,timers.exe,sem-bios,
2026-07-29T08:52:41+00:00,d4b6c62,ps1-tests/tools/diffvram,diffvram-windows-amd64.exe,sem-bios,
2026-07-29T09:12:50+00:00,197143c,amidog/cpu,psxtest_cpu.exe,sem-bios,
2026-07-29T09:12:50+00:00,197143c,amidog/gte,psxtest_gte.exe,sem-bios,
2026-07-29T09:12:50+00:00,197143c,ps1-tests/cdrom/disc-swap,disc-swap.exe,sem-bios,
2026-07-29T09:12:50+00:00,197143c,ps1-tests/cdrom/getloc,getloc.exe,sem-bios,
2026-07-29T09:12:50+00:00,197143c,ps1-tests/cdrom/terminal,terminal.exe,sem-bios,
2026-07-29T09:12:50+00:00,197143c,ps1-tests/cdrom/timing,timing.exe,sem-bios,
2026-07-29T09:12:50+00:00,197143c,ps1-tests/cpu/access-time,access-time.exe,sem-bios,
2026-07-29T09:12:50+00:00,197143c,ps1-tests/cpu/code-in-io,code-in-io.exe,sem-bios,
2026-07-29T09:12:50+00:00,197143c,ps1-tests/cpu/cop,cop.exe,sem-bios,
2026-07-29T09:12:50+00:00,197143c,ps1-tests/cpu/io-access-bitwidth,io-access-bitwidth.exe,sem-bios,
2026-07-29T09:12:50+00:00,197143c,ps1-tests/dma/chain-looping,chain-looping.exe,sem-bios,
2026-07-29T09:12:50+00:00,197143c,ps1-tests/dma/chopping,chopping.exe,sem-bios,
2026-07-29T09:12:50+00:00,197143c,ps1-tests/dma/dpcr,dpcr.exe,sem-bios,
2026-07-29T09:12:50+00:00,197143c,ps1-tests/dma/otc-test,otc-test.exe,sem-bios,
2026-07-29T09:12:50+00:00,197143c,ps1-tests/gpu/animated-triangle,animated-triangle.exe,sem-bios,
2026-07-29T09:12:50+00:00,197143c,ps1-tests/gpu/bandwidth,bandwidth.exe,sem-bios,
2026-07-29T09:12:50+00:00,197143c,ps1-tests/gpu/benchmark,benchmark.exe,sem-bios,
2026-07-29T09:12:50+00:00,197143c,ps1-tests/gpu/clipping,clipping.exe,sem-bios,
2026-07-29T09:12:50+00:00,197143c,ps1-tests/gpu/clut-cache,clut-cache.exe,sem-bios,
2026-07-29T09:12:50+00:00,197143c,ps1-tests/gpu/gp0-e1,gp0-e1.exe,sem-bios,
2026-07-29T09:12:50+00:00,197143c,ps1-tests/gpu/lines,lines.exe,sem-bios,
2026-07-29T09:12:50+00:00,197143c,ps1-tests/gpu/mask-bit,mask-bit.exe,sem-bios,
2026-07-29T09:12:50+00:00,197143c,ps1-tests/gpu/quad,quad.exe,sem-bios,
2026-07-29T09:12:50+00:00,197143c,ps1-tests/gpu/rectangles,rectangles.exe,sem-bios,
2026-07-29T09:12:50+00:00,197143c,ps1-tests/gpu/texture-flip,texture-flip.exe,sem-bios,
2026-07-29T09:12:50+00:00,197143c,ps1-tests/gpu/texture-overflow,texture-overflow.exe,sem-bios,
2026-07-29T09:12:50+00:00,197143c,ps1-tests/gpu/transparency,transparency.exe,sem-bios,
2026-07-29T09:12:50+00:00,197143c,ps1-tests/gpu/triangle,triangle.exe,sem-bios,
2026-07-29T09:12:50+00:00,197143c,ps1-tests/gpu/uv-interpolation,uv-interpolation.exe,sem-bios,
2026-07-29T09:12:50+00:00,197143c,ps1-tests/gpu/version-detect,version-detect.exe,sem-bios,
2026-07-29T09:12:50+00:00,197143c,ps1-tests/gpu/vram-to-vram-overlap,vram-to-vram-overlap.exe,sem-bios,
2026-07-29T09:12:50+00:00,197143c,ps1-tests/gte-fuzz,gte-fuzz.exe,sem-bios,
2026-07-29T09:12:50+00:00,197143c,ps1-tests/gte/test-all,test-all.exe,sem-bios,
2026-07-29T09:12:50+00:00,197143c,ps1-tests/input/pad,pad.exe,sem-bios,
2026-07-29T09:12:50+00:00,197143c,ps1-tests/mdec/4bit,4bit.exe,sem-bios,
2026-07-29T09:12:50+00:00,197143c,ps1-tests/mdec/8bit,8bit.exe,sem-bios,
2026-07-29T09:12:50+00:00,197143c,ps1-tests/mdec/frame,frame-15bit-dma.exe,sem-bios,
2026-07-29T09:12:50+00:00,197143c,ps1-tests/mdec/frame,frame-15bit.exe,sem-bios,
2026-07-29T09:12:50+00:00,197143c,ps1-tests/mdec/frame,frame-24bit-dma.exe,sem-bios,
2026-07-29T09:12:50+00:00,197143c,ps1-tests/mdec/frame,frame-24bit.exe,sem-bios,
2026-07-29T09:12:50+00:00,197143c,ps1-tests/mdec/movie,movie-15bit.exe,sem-bios,
2026-07-29T09:12:50+00:00,197143c,ps1-tests/mdec/movie,movie-24bit.exe,sem-bios,
2026-07-29T09:12:50+00:00,197143c,ps1-tests/mdec/step-by-step-log,step-by-step-log.exe,sem-bios,
2026-07-29T09:12:50+00:00,197143c,ps1-tests/spu/memory-transfer,memory-transfer.exe,sem-bios,
2026-07-29T09:12:50+00:00,197143c,ps1-tests/spu/ram-sandbox,ram-sandbox.exe,sem-bios,
2026-07-29T09:12:50+00:00,197143c,ps1-tests/spu/stereo,stereo.exe,sem-bios,
2026-07-29T09:12:50+00:00,197143c,ps1-tests/spu/test,test.exe,sem-bios,
2026-07-29T09:12:50+00:00,197143c,ps1-tests/spu/toolbox,toolbox.exe,sem-bios,
2026-07-29T09:12:50+00:00,197143c,ps1-tests/timer-dump,timer-dump.exe,sem-bios,
2026-07-29T09:12:50+00:00,197143c,ps1-tests/timers,timers.exe,sem-bios,
2026-07-29T09:12:50+00:00,197143c,ps1-tests/tools/diffvram,diffvram-windows-amd64.exe,sem-bios,
2026-07-29T09:31:14+00:00,6d6754c,amidog/cpu,psxtest_cpu.exe,sem-bios,
2026-07-29T09:31:14+00:00,6d6754c,amidog/gte,psxtest_gte.exe,sem-bios,
2026-07-29T09:31:14+00:00,6d6754c,ps1-tests/cdrom/disc-swap,disc-swap.exe,sem-bios,
2026-07-29T09:31:14+00:00,6d6754c,ps1-tests/cdrom/getloc,getloc.exe,sem-bios,
2026-07-29T09:31:14+00:00,6d6754c,ps1-tests/cdrom/terminal,terminal.exe,sem-bios,
2026-07-29T09:31:14+00:00,6d6754c,ps1-tests/cdrom/timing,timing.exe,sem-bios,
2026-07-29T09:31:14+00:00,6d6754c,ps1-tests/cpu/access-time,access-time.exe,sem-bios,
2026-07-29T09:31:14+00:00,6d6754c,ps1-tests/cpu/code-in-io,code-in-io.exe,sem-bios,
2026-07-29T09:31:14+00:00,6d6754c,ps1-tests/cpu/cop,cop.exe,sem-bios,
2026-07-29T09:31:14+00:00,6d6754c,ps1-tests/cpu/io-access-bitwidth,io-access-bitwidth.exe,sem-bios,
2026-07-29T09:31:14+00:00,6d6754c,ps1-tests/dma/chain-looping,chain-looping.exe,sem-bios,
2026-07-29T09:31:14+00:00,6d6754c,ps1-tests/dma/chopping,chopping.exe,sem-bios,
2026-07-29T09:31:14+00:00,6d6754c,ps1-tests/dma/dpcr,dpcr.exe,sem-bios,
2026-07-29T09:31:14+00:00,6d6754c,ps1-tests/dma/otc-test,otc-test.exe,sem-bios,
2026-07-29T09:31:14+00:00,6d6754c,ps1-tests/gpu/animated-triangle,animated-triangle.exe,sem-bios,
2026-07-29T09:31:14+00:00,6d6754c,ps1-tests/gpu/bandwidth,bandwidth.exe,sem-bios,
2026-07-29T09:31:14+00:00,6d6754c,ps1-tests/gpu/benchmark,benchmark.exe,sem-bios,
2026-07-29T09:31:14+00:00,6d6754c,ps1-tests/gpu/clipping,clipping.exe,sem-bios,
2026-07-29T09:31:14+00:00,6d6754c,ps1-tests/gpu/clut-cache,clut-cache.exe,sem-bios,
2026-07-29T09:31:14+00:00,6d6754c,ps1-tests/gpu/gp0-e1,gp0-e1.exe,sem-bios,
2026-07-29T09:31:14+00:00,6d6754c,ps1-tests/gpu/lines,lines.exe,sem-bios,
2026-07-29T09:31:14+00:00,6d6754c,ps1-tests/gpu/mask-bit,mask-bit.exe,sem-bios,
2026-07-29T09:31:14+00:00,6d6754c,ps1-tests/gpu/quad,quad.exe,sem-bios,
2026-07-29T09:31:14+00:00,6d6754c,ps1-tests/gpu/rectangles,rectangles.exe,sem-bios,
2026-07-29T09:31:14+00:00,6d6754c,ps1-tests/gpu/texture-flip,texture-flip.exe,sem-bios,
2026-07-29T09:31:14+00:00,6d6754c,ps1-tests/gpu/texture-overflow,texture-overflow.exe,sem-bios,
2026-07-29T09:31:14+00:00,6d6754c,ps1-tests/gpu/transparency,transparency.exe,sem-bios,
2026-07-29T09:31:14+00:00,6d6754c,ps1-tests/gpu/triangle,triangle.exe,sem-bios,
2026-07-29T09:31:14+00:00,6d6754c,ps1-tests/gpu/uv-interpolation,uv-interpolation.exe,sem-bios,
2026-07-29T09:31:14+00:00,6d6754c,ps1-tests/gpu/version-detect,version-detect.exe,sem-bios,
2026-07-29T09:31:14+00:00,6d6754c,ps1-tests/gpu/vram-to-vram-overlap,vram-to-vram-overlap.exe,sem-bios,
2026-07-29T09:31:14+00:00,6d6754c,ps1-tests/gte-fuzz,gte-fuzz.exe,sem-bios,
2026-07-29T09:31:14+00:00,6d6754c,ps1-tests/gte/test-all,test-all.exe,sem-bios,
2026-07-29T09:31:14+00:00,6d6754c,ps1-tests/input/pad,pad.exe,sem-bios,
2026-07-29T09:31:14+00:00,6d6754c,ps1-tests/mdec/4bit,4bit.exe,sem-bios,
2026-07-29T09:31:14+00:00,6d6754c,ps1-tests/mdec/8bit,8bit.exe,sem-bios,
2026-07-29T09:31:14+00:00,6d6754c,ps1-tests/mdec/frame,frame-15bit-dma.exe,sem-bios,
2026-07-29T09:31:14+00:00,6d6754c,ps1-tests/mdec/frame,frame-15bit.exe,sem-bios,
2026-07-29T09:31:14+00:00,6d6754c,ps1-tests/mdec/frame,frame-24bit-dma.exe,sem-bios,
2026-07-29T09:31:14+00:00,6d6754c,ps1-tests/mdec/frame,frame-24bit.exe,sem-bios,
2026-07-29T09:31:14+00:00,6d6754c,ps1-tests/mdec/movie,movie-15bit.exe,sem-bios,
2026-07-29T09:31:14+00:00,6d6754c,ps1-tests/mdec/movie,movie-24bit.exe,sem-bios,
2026-07-29T09:31:14+00:00,6d6754c,ps1-tests/mdec/step-by-step-log,step-by-step-log.exe,sem-bios,
2026-07-29T09:31:14+00:00,6d6754c,ps1-tests/spu/memory-transfer,memory-transfer.exe,sem-bios,
2026-07-29T09:31:14+00:00,6d6754c,ps1-tests/spu/ram-sandbox,ram-sandbox.exe,sem-bios,
2026-07-29T09:31:14+00:00,6d6754c,ps1-tests/spu/stereo,stereo.exe,sem-bios,
2026-07-29T09:31:14+00:00,6d6754c,ps1-tests/spu/test,test.exe,sem-bios,
2026-07-29T09:31:14+00:00,6d6754c,ps1-tests/spu/toolbox,toolbox.exe,sem-bios,
2026-07-29T09:31:14+00:00,6d6754c,ps1-tests/timer-dump,timer-dump.exe,sem-bios,
2026-07-29T09:31:14+00:00,6d6754c,ps1-tests/timers,timers.exe,sem-bios,
2026-07-29T09:31:14+00:00,6d6754c,ps1-tests/tools/diffvram,diffvram-windows-amd64.exe,sem-bios,
2026-07-29T09:51:00+00:00,c947ea9,amidog/cpu,psxtest_cpu.exe,sem-bios,
2026-07-29T09:51:00+00:00,c947ea9,amidog/gte,psxtest_gte.exe,sem-bios,
2026-07-29T09:51:00+00:00,c947ea9,ps1-tests/cdrom/disc-swap,disc-swap.exe,sem-bios,
2026-07-29T09:51:00+00:00,c947ea9,ps1-tests/cdrom/getloc,getloc.exe,sem-bios,
2026-07-29T09:51:00+00:00,c947ea9,ps1-tests/cdrom/terminal,terminal.exe,sem-bios,
2026-07-29T09:51:00+00:00,c947ea9,ps1-tests/cdrom/timing,timing.exe,sem-bios,
2026-07-29T09:51:00+00:00,c947ea9,ps1-tests/cpu/access-time,access-time.exe,sem-bios,
2026-07-29T09:51:00+00:00,c947ea9,ps1-tests/cpu/code-in-io,code-in-io.exe,sem-bios,
2026-07-29T09:51:00+00:00,c947ea9,ps1-tests/cpu/cop,cop.exe,sem-bios,
2026-07-29T09:51:00+00:00,c947ea9,ps1-tests/cpu/io-access-bitwidth,io-access-bitwidth.exe,sem-bios,
2026-07-29T09:51:00+00:00,c947ea9,ps1-tests/dma/chain-looping,chain-looping.exe,sem-bios,
2026-07-29T09:51:00+00:00,c947ea9,ps1-tests/dma/chopping,chopping.exe,sem-bios,
2026-07-29T09:51:00+00:00,c947ea9,ps1-tests/dma/dpcr,dpcr.exe,sem-bios,
2026-07-29T09:51:00+00:00,c947ea9,ps1-tests/dma/otc-test,otc-test.exe,sem-bios,
2026-07-29T09:51:00+00:00,c947ea9,ps1-tests/gpu/animated-triangle,animated-triangle.exe,sem-bios,
2026-07-29T09:51:00+00:00,c947ea9,ps1-tests/gpu/bandwidth,bandwidth.exe,sem-bios,
2026-07-29T09:51:00+00:00,c947ea9,ps1-tests/gpu/benchmark,benchmark.exe,sem-bios,
2026-07-29T09:51:00+00:00,c947ea9,ps1-tests/gpu/clipping,clipping.exe,sem-bios,
2026-07-29T09:51:00+00:00,c947ea9,ps1-tests/gpu/clut-cache,clut-cache.exe,sem-bios,
2026-07-29T09:51:00+00:00,c947ea9,ps1-tests/gpu/gp0-e1,gp0-e1.exe,sem-bios,
2026-07-29T09:51:00+00:00,c947ea9,ps1-tests/gpu/lines,lines.exe,sem-bios,
2026-07-29T09:51:00+00:00,c947ea9,ps1-tests/gpu/mask-bit,mask-bit.exe,sem-bios,
2026-07-29T09:51:00+00:00,c947ea9,ps1-tests/gpu/quad,quad.exe,sem-bios,
2026-07-29T09:51:00+00:00,c947ea9,ps1-tests/gpu/rectangles,rectangles.exe,sem-bios,
2026-07-29T09:51:00+00:00,c947ea9,ps1-tests/gpu/texture-flip,texture-flip.exe,sem-bios,
2026-07-29T09:51:00+00:00,c947ea9,ps1-tests/gpu/texture-overflow,texture-overflow.exe,sem-bios,
2026-07-29T09:51:00+00:00,c947ea9,ps1-tests/gpu/transparency,transparency.exe,sem-bios,
2026-07-29T09:51:00+00:00,c947ea9,ps1-tests/gpu/triangle,triangle.exe,sem-bios,
2026-07-29T09:51:00+00:00,c947ea9,ps1-tests/gpu/uv-interpolation,uv-interpolation.exe,sem-bios,
2026-07-29T09:51:00+00:00,c947ea9,ps1-tests/gpu/version-detect,version-detect.exe,sem-bios,
2026-07-29T09:51:00+00:00,c947ea9,ps1-tests/gpu/vram-to-vram-overlap,vram-to-vram-overlap.exe,sem-bios,
2026-07-29T09:51:00+00:00,c947ea9,ps1-tests/gte-fuzz,gte-fuzz.exe,sem-bios,
2026-07-29T09:51:00+00:00,c947ea9,ps1-tests/gte/test-all,test-all.exe,sem-bios,
2026-07-29T09:51:00+00:00,c947ea9,ps1-tests/input/pad,pad.exe,sem-bios,
2026-07-29T09:51:00+00:00,c947ea9,ps1-tests/mdec/4bit,4bit.exe,sem-bios,
2026-07-29T09:51:00+00:00,c947ea9,ps1-tests/mdec/8bit,8bit.exe,sem-bios,
2026-07-29T09:51:00+00:00,c947ea9,ps1-tests/mdec/frame,frame-15bit-dma.exe,sem-bios,
2026-07-29T09:51:00+00:00,c947ea9,ps1-tests/mdec/frame,frame-15bit.exe,sem-bios,
2026-07-29T09:51:00+00:00,c947ea9,ps1-tests/mdec/frame,frame-24bit-dma.exe,sem-bios,
2026-07-29T09:51:00+00:00,c947ea9,ps1-tests/mdec/frame,frame-24bit.exe,sem-bios,
2026-07-29T09:51:00+00:00,c947ea9,ps1-tests/mdec/movie,movie-15bit.exe,sem-bios,
2026-07-29T09:51:00+00:00,c947ea9,ps1-tests/mdec/movie,movie-24bit.exe,sem-bios,
2026-07-29T09:51:00+00:00,c947ea9,ps1-tests/mdec/step-by-step-log,step-by-step-log.exe,sem-bios,
2026-07-29T09:51:00+00:00,c947ea9,ps1-tests/spu/memory-transfer,memory-transfer.exe,sem-bios,
2026-07-29T09:51:00+00:00,c947ea9,ps1-tests/spu/ram-sandbox,ram-sandbox.exe,sem-bios,
2026-07-29T09:51:00+00:00,c947ea9,ps1-tests/spu/stereo,stereo.exe,sem-bios,
2026-07-29T09:51:00+00:00,c947ea9,ps1-tests/spu/test,test.exe,sem-bios,
2026-07-29T09:51:00+00:00,c947ea9,ps1-tests/spu/toolbox,toolbox.exe,sem-bios,
2026-07-29T09:51:00+00:00,c947ea9,ps1-tests/timer-dump,timer-dump.exe,sem-bios,
2026-07-29T09:51:00+00:00,c947ea9,ps1-tests/timers,timers.exe,sem-bios,
2026-07-29T09:51:00+00:00,c947ea9,ps1-tests/tools/diffvram,diffvram-windows-amd64.exe,sem-bios,
2026-07-29T10:05:20+00:00,542601d,amidog/cpu,psxtest_cpu.exe,sem-bios,
2026-07-29T10:05:20+00:00,542601d,amidog/gte,psxtest_gte.exe,sem-bios,
2026-07-29T10:05:20+00:00,542601d,ps1-tests/cdrom/disc-swap,disc-swap.exe,sem-bios,
2026-07-29T10:05:20+00:00,542601d,ps1-tests/cdrom/getloc,getloc.exe,sem-bios,
2026-07-29T10:05:20+00:00,542601d,ps1-tests/cdrom/terminal,terminal.exe,sem-bios,
2026-07-29T10:05:20+00:00,542601d,ps1-tests/cdrom/timing,timing.exe,sem-bios,
2026-07-29T10:05:20+00:00,542601d,ps1-tests/cpu/access-time,access-time.exe,sem-bios,
2026-07-29T10:05:20+00:00,542601d,ps1-tests/cpu/code-in-io,code-in-io.exe,sem-bios,
2026-07-29T10:05:20+00:00,542601d,ps1-tests/cpu/cop,cop.exe,sem-bios,
2026-07-29T10:05:20+00:00,542601d,ps1-tests/cpu/io-access-bitwidth,io-access-bitwidth.exe,sem-bios,
2026-07-29T10:05:20+00:00,542601d,ps1-tests/dma/chain-looping,chain-looping.exe,sem-bios,
2026-07-29T10:05:20+00:00,542601d,ps1-tests/dma/chopping,chopping.exe,sem-bios,
2026-07-29T10:05:20+00:00,542601d,ps1-tests/dma/dpcr,dpcr.exe,sem-bios,
2026-07-29T10:05:20+00:00,542601d,ps1-tests/dma/otc-test,otc-test.exe,sem-bios,
2026-07-29T10:05:20+00:00,542601d,ps1-tests/gpu/animated-triangle,animated-triangle.exe,sem-bios,
2026-07-29T10:05:20+00:00,542601d,ps1-tests/gpu/bandwidth,bandwidth.exe,sem-bios,
2026-07-29T10:05:20+00:00,542601d,ps1-tests/gpu/benchmark,benchmark.exe,sem-bios,
2026-07-29T10:05:20+00:00,542601d,ps1-tests/gpu/clipping,clipping.exe,sem-bios,
2026-07-29T10:05:20+00:00,542601d,ps1-tests/gpu/clut-cache,clut-cache.exe,sem-bios,
2026-07-29T10:05:20+00:00,542601d,ps1-tests/gpu/gp0-e1,gp0-e1.exe,sem-bios,
2026-07-29T10:05:20+00:00,542601d,ps1-tests/gpu/lines,lines.exe,sem-bios,
2026-07-29T10:05:20+00:00,542601d,ps1-tests/gpu/mask-bit,mask-bit.exe,sem-bios,
2026-07-29T10:05:20+00:00,542601d,ps1-tests/gpu/quad,quad.exe,sem-bios,
2026-07-29T10:05:20+00:00,542601d,ps1-tests/gpu/rectangles,rectangles.exe,sem-bios,
2026-07-29T10:05:20+00:00,542601d,ps1-tests/gpu/texture-flip,texture-flip.exe,sem-bios,
2026-07-29T10:05:20+00:00,542601d,ps1-tests/gpu/texture-overflow,texture-overflow.exe,sem-bios,
2026-07-29T10:05:20+00:00,542601d,ps1-tests/gpu/transparency,transparency.exe,sem-bios,
2026-07-29T10:05:20+00:00,542601d,ps1-tests/gpu/triangle,triangle.exe,sem-bios,
2026-07-29T10:05:20+00:00,542601d,ps1-tests/gpu/uv-interpolation,uv-interpolation.exe,sem-bios,
2026-07-29T10:05:20+00:00,542601d,ps1-tests/gpu/version-detect,version-detect.exe,sem-bios,
2026-07-29T10:05:20+00:00,542601d,ps1-tests/gpu/vram-to-vram-overlap,vram-to-vram-overlap.exe,sem-bios,
2026-07-29T10:05:20+00:00,542601d,ps1-tests/gte-fuzz,gte-fuzz.exe,sem-bios,
2026-07-29T10:05:20+00:00,542601d,ps1-tests/gte/test-all,test-all.exe,sem-bios,
2026-07-29T10:05:20+00:00,542601d,ps1-tests/input/pad,pad.exe,sem-bios,
2026-07-29T10:05:20+00:00,542601d,ps1-tests/mdec/4bit,4bit.exe,sem-bios,
2026-07-29T10:05:20+00:00,542601d,ps1-tests/mdec/8bit,8bit.exe,sem-bios,
2026-07-29T10:05:20+00:00,542601d,ps1-tests/mdec/frame,frame-15bit-dma.exe,sem-bios,
2026-07-29T10:05:20+00:00,542601d,ps1-tests/mdec/frame,frame-15bit.exe,sem-bios,
2026-07-29T10:05:20+00:00,542601d,ps1-tests/mdec/frame,frame-24bit-dma.exe,sem-bios,
2026-07-29T10:05:20+00:00,542601d,ps1-tests/mdec/frame,frame-24bit.exe,sem-bios,
2026-07-29T10:05:20+00:00,542601d,ps1-tests/mdec/movie,movie-15bit.exe,sem-bios,
2026-07-29T10:05:20+00:00,542601d,ps1-tests/mdec/movie,movie-24bit.exe,sem-bios,
2026-07-29T10:05:20+00:00,542601d,ps1-tests/mdec/step-by-step-log,step-by-step-log.exe,sem-bios,
2026-07-29T10:05:20+00:00,542601d,ps1-tests/spu/memory-transfer,memory-transfer.exe,sem-bios,
2026-07-29T10:05:20+00:00,542601d,ps1-tests/spu/ram-sandbox,ram-sandbox.exe,sem-bios,
2026-07-29T10:05:20+00:00,542601d,ps1-tests/spu/stereo,stereo.exe,sem-bios,
2026-07-29T10:05:20+00:00,542601d,ps1-tests/spu/test,test.exe,sem-bios,
2026-07-29T10:05:20+00:00,542601d,ps1-tests/spu/toolbox,toolbox.exe,sem-bios,
2026-07-29T10:05:20+00:00,542601d,ps1-tests/timer-dump,timer-dump.exe,sem-bios,
2026-07-29T10:05:20+00:00,542601d,ps1-tests/timers,timers.exe,sem-bios,
2026-07-29T10:05:20+00:00,542601d,ps1-tests/tools/diffvram,diffvram-windows-amd64.exe,sem-bios,
2026-07-29T10:55:51+00:00,27b8843,amidog/cpu,psxtest_cpu.exe,sem-bios,
2026-07-29T10:55:51+00:00,27b8843,amidog/gte,psxtest_gte.exe,sem-bios,
2026-07-29T10:55:51+00:00,27b8843,ps1-tests/cdrom/disc-swap,disc-swap.exe,sem-bios,
2026-07-29T10:55:51+00:00,27b8843,ps1-tests/cdrom/getloc,getloc.exe,sem-bios,
2026-07-29T10:55:51+00:00,27b8843,ps1-tests/cdrom/terminal,terminal.exe,sem-bios,
2026-07-29T10:55:51+00:00,27b8843,ps1-tests/cdrom/timing,timing.exe,sem-bios,
2026-07-29T10:55:51+00:00,27b8843,ps1-tests/cpu/access-time,access-time.exe,sem-bios,
2026-07-29T10:55:51+00:00,27b8843,ps1-tests/cpu/code-in-io,code-in-io.exe,sem-bios,
2026-07-29T10:55:51+00:00,27b8843,ps1-tests/cpu/cop,cop.exe,sem-bios,
2026-07-29T10:55:51+00:00,27b8843,ps1-tests/cpu/io-access-bitwidth,io-access-bitwidth.exe,sem-bios,
2026-07-29T10:55:51+00:00,27b8843,ps1-tests/dma/chain-looping,chain-looping.exe,sem-bios,
2026-07-29T10:55:51+00:00,27b8843,ps1-tests/dma/chopping,chopping.exe,sem-bios,
2026-07-29T10:55:51+00:00,27b8843,ps1-tests/dma/dpcr,dpcr.exe,sem-bios,
2026-07-29T10:55:51+00:00,27b8843,ps1-tests/dma/otc-test,otc-test.exe,sem-bios,
2026-07-29T10:55:51+00:00,27b8843,ps1-tests/gpu/animated-triangle,animated-triangle.exe,sem-bios,
2026-07-29T10:55:51+00:00,27b8843,ps1-tests/gpu/bandwidth,bandwidth.exe,sem-bios,
2026-07-29T10:55:51+00:00,27b8843,ps1-tests/gpu/benchmark,benchmark.exe,sem-bios,
2026-07-29T10:55:51+00:00,27b8843,ps1-tests/gpu/clipping,clipping.exe,sem-bios,
2026-07-29T10:55:51+00:00,27b8843,ps1-tests/gpu/clut-cache,clut-cache.exe,sem-bios,
2026-07-29T10:55:51+00:00,27b8843,ps1-tests/gpu/gp0-e1,gp0-e1.exe,sem-bios,
2026-07-29T10:55:51+00:00,27b8843,ps1-tests/gpu/lines,lines.exe,sem-bios,
2026-07-29T10:55:51+00:00,27b8843,ps1-tests/gpu/mask-bit,mask-bit.exe,sem-bios,
2026-07-29T10:55:51+00:00,27b8843,ps1-tests/gpu/quad,quad.exe,sem-bios,
2026-07-29T10:55:51+00:00,27b8843,ps1-tests/gpu/rectangles,rectangles.exe,sem-bios,
2026-07-29T10:55:51+00:00,27b8843,ps1-tests/gpu/texture-flip,texture-flip.exe,sem-bios,
2026-07-29T10:55:51+00:00,27b8843,ps1-tests/gpu/texture-overflow,texture-overflow.exe,sem-bios,
2026-07-29T10:55:51+00:00,27b8843,ps1-tests/gpu/transparency,transparency.exe,sem-bios,
2026-07-29T10:55:51+00:00,27b8843,ps1-tests/gpu/triangle,triangle.exe,sem-bios,
2026-07-29T10:55:51+00:00,27b8843,ps1-tests/gpu/uv-interpolation,uv-interpolation.exe,sem-bios,
2026-07-29T10:55:51+00:00,27b8843,ps1-tests/gpu/version-detect,version-detect.exe,sem-bios,
2026-07-29T10:55:51+00:00,27b8843,ps1-tests/gpu/vram-to-vram-overlap,vram-to-vram-overlap.exe,sem-bios,
2026-07-29T10:55:51+00:00,27b8843,ps1-tests/gte-fuzz,gte-fuzz.exe,sem-bios,
2026-07-29T10:55:51+00:00,27b8843,ps1-tests/gte/test-all,test-all.exe,sem-bios,
2026-07-29T10:55:51+00:00,27b8843,ps1-tests/input/pad,pad.exe,sem-bios,
2026-07-29T10:55:51+00:00,27b8843,ps1-tests/mdec/4bit,4bit.exe,sem-bios,
2026-07-29T10:55:51+00:00,27b8843,ps1-tests/mdec/8bit,8bit.exe,sem-bios,
2026-07-29T10:55:51+00:00,27b8843,ps1-tests/mdec/frame,frame-15bit-dma.exe,sem-bios,
2026-07-29T10:55:51+00:00,27b8843,ps1-tests/mdec/frame,frame-15bit.exe,sem-bios,
2026-07-29T10:55:51+00:00,27b8843,ps1-tests/mdec/frame,frame-24bit-dma.exe,sem-bios,
2026-07-29T10:55:51+00:00,27b8843,ps1-tests/mdec/frame,frame-24bit.exe,sem-bios,
2026-07-29T10:55:51+00:00,27b8843,ps1-tests/mdec/movie,movie-15bit.exe,sem-bios,
2026-07-29T10:55:51+00:00,27b8843,ps1-tests/mdec/movie,movie-24bit.exe,sem-bios,
2026-07-29T10:55:51+00:00,27b8843,ps1-tests/mdec/step-by-step-log,step-by-step-log.exe,sem-bios,
2026-07-29T10:55:51+00:00,27b8843,ps1-tests/spu/memory-transfer,memory-transfer.exe,sem-bios,
2026-07-29T10:55:51+00:00,27b8843,ps1-tests/spu/ram-sandbox,ram-sandbox.exe,sem-bios,
2026-07-29T10:55:51+00:00,27b8843,ps1-tests/spu/stereo,stereo.exe,sem-bios,
2026-07-29T10:55:51+00:00,27b8843,ps1-tests/spu/test,test.exe,sem-bios,
2026-07-29T10:55:51+00:00,27b8843,ps1-tests/spu/toolbox,toolbox.exe,sem-bios,
2026-07-29T10:55:51+00:00,27b8843,ps1-tests/timer-dump,timer-dump.exe,sem-bios,
2026-07-29T10:55:51+00:00,27b8843,ps1-tests/timers,timers.exe,sem-bios,
2026-07-29T10:55:51+00:00,27b8843,ps1-tests/tools/diffvram,diffvram-windows-amd64.exe,sem-bios,
2026-07-29T11:36:41+00:00,011824b,amidog/cpu,psxtest_cpu.exe,sem-bios,
2026-07-29T11:36:41+00:00,011824b,amidog/gte,psxtest_gte.exe,sem-bios,
2026-07-29T11:36:41+00:00,011824b,ps1-tests/cdrom/disc-swap,disc-swap.exe,sem-bios,
2026-07-29T11:36:41+00:00,011824b,ps1-tests/cdrom/getloc,getloc.exe,sem-bios,
2026-07-29T11:36:41+00:00,011824b,ps1-tests/cdrom/terminal,terminal.exe,sem-bios,
2026-07-29T11:36:41+00:00,011824b,ps1-tests/cdrom/timing,timing.exe,sem-bios,
2026-07-29T11:36:41+00:00,011824b,ps1-tests/cpu/access-time,access-time.exe,sem-bios,
2026-07-29T11:36:41+00:00,011824b,ps1-tests/cpu/code-in-io,code-in-io.exe,sem-bios,
2026-07-29T11:36:41+00:00,011824b,ps1-tests/cpu/cop,cop.exe,sem-bios,
2026-07-29T11:36:41+00:00,011824b,ps1-tests/cpu/io-access-bitwidth,io-access-bitwidth.exe,sem-bios,
2026-07-29T11:36:41+00:00,011824b,ps1-tests/dma/chain-looping,chain-looping.exe,sem-bios,
2026-07-29T11:36:41+00:00,011824b,ps1-tests/dma/chopping,chopping.exe,sem-bios,
2026-07-29T11:36:41+00:00,011824b,ps1-tests/dma/dpcr,dpcr.exe,sem-bios,
2026-07-29T11:36:41+00:00,011824b,ps1-tests/dma/otc-test,otc-test.exe,sem-bios,
2026-07-29T11:36:41+00:00,011824b,ps1-tests/gpu/animated-triangle,animated-triangle.exe,sem-bios,
2026-07-29T11:36:41+00:00,011824b,ps1-tests/gpu/bandwidth,bandwidth.exe,sem-bios,
2026-07-29T11:36:41+00:00,011824b,ps1-tests/gpu/benchmark,benchmark.exe,sem-bios,
2026-07-29T11:36:41+00:00,011824b,ps1-tests/gpu/clipping,clipping.exe,sem-bios,
2026-07-29T11:36:41+00:00,011824b,ps1-tests/gpu/clut-cache,clut-cache.exe,sem-bios,
2026-07-29T11:36:41+00:00,011824b,ps1-tests/gpu/gp0-e1,gp0-e1.exe,sem-bios,
2026-07-29T11:36:41+00:00,011824b,ps1-tests/gpu/lines,lines.exe,sem-bios,
2026-07-29T11:36:41+00:00,011824b,ps1-tests/gpu/mask-bit,mask-bit.exe,sem-bios,
2026-07-29T11:36:41+00:00,011824b,ps1-tests/gpu/quad,quad.exe,sem-bios,
2026-07-29T11:36:41+00:00,011824b,ps1-tests/gpu/rectangles,rectangles.exe,sem-bios,
2026-07-29T11:36:41+00:00,011824b,ps1-tests/gpu/texture-flip,texture-flip.exe,sem-bios,
2026-07-29T11:36:41+00:00,011824b,ps1-tests/gpu/texture-overflow,texture-overflow.exe,sem-bios,
2026-07-29T11:36:41+00:00,011824b,ps1-tests/gpu/transparency,transparency.exe,sem-bios,
2026-07-29T11:36:41+00:00,011824b,ps1-tests/gpu/triangle,triangle.exe,sem-bios,
2026-07-29T11:36:41+00:00,011824b,ps1-tests/gpu/uv-interpolation,uv-interpolation.exe,sem-bios,
2026-07-29T11:36:41+00:00,011824b,ps1-tests/gpu/version-detect,version-detect.exe,sem-bios,
2026-07-29T11:36:41+00:00,011824b,ps1-tests/gpu/vram-to-vram-overlap,vram-to-vram-overlap.exe,sem-bios,
2026-07-29T11:36:41+00:00,011824b,ps1-tests/gte-fuzz,gte-fuzz.exe,sem-bios,
2026-07-29T11:36:41+00:00,011824b,ps1-tests/gte/test-all,test-all.exe,sem-bios,
2026-07-29T11:36:41+00:00,011824b,ps1-tests/input/pad,pad.exe,sem-bios,
2026-07-29T11:36:41+00:00,011824b,ps1-tests/mdec/4bit,4bit.exe,sem-bios,
2026-07-29T11:36:41+00:00,011824b,ps1-tests/mdec/8bit,8bit.exe,sem-bios,
2026-07-29T11:36:41+00:00,011824b,ps1-tests/mdec/frame,frame-15bit-dma.exe,sem-bios,
2026-07-29T11:36:41+00:00,011824b,ps1-tests/mdec/frame,frame-15bit.exe,sem-bios,
2026-07-29T11:36:41+00:00,011824b,ps1-tests/mdec/frame,frame-24bit-dma.exe,sem-bios,
2026-07-29T11:36:41+00:00,011824b,ps1-tests/mdec/frame,frame-24bit.exe,sem-bios,
2026-07-29T11:36:41+00:00,011824b,ps1-tests/mdec/movie,movie-15bit.exe,sem-bios,
2026-07-29T11:36:41+00:00,011824b,ps1-tests/mdec/movie,movie-24bit.exe,sem-bios,
2026-07-29T11:36:41+00:00,011824b,ps1-tests/mdec/step-by-step-log,step-by-step-log.exe,sem-bios,
2026-07-29T11:36:41+00:00,011824b,ps1-tests/spu/memory-transfer,memory-transfer.exe,sem-bios,
2026-07-29T11:36:41+00:00,011824b,ps1-tests/spu/ram-sandbox,ram-sandbox.exe,sem-bios,
2026-07-29T11:36:41+00:00,011824b,ps1-tests/spu/stereo,stereo.exe,sem-bios,
2026-07-29T11:36:41+00:00,011824b,ps1-tests/spu/test,test.exe,sem-bios,
2026-07-29T11:36:41+00:00,011824b,ps1-tests/spu/toolbox,toolbox.exe,sem-bios,
2026-07-29T11:36:41+00:00,011824b,ps1-tests/timer-dump,timer-dump.exe,sem-bios,
2026-07-29T11:36:41+00:00,011824b,ps1-tests/timers,timers.exe,sem-bios,
2026-07-29T11:36:41+00:00,011824b,ps1-tests/tools/diffvram,diffvram-windows-amd64.exe,sem-bios,
2026-07-29T12:40:02+00:00,1311ba8,amidog/cpu,psxtest_cpu.exe,sem-bios,
2026-07-29T12:40:02+00:00,1311ba8,amidog/gte,psxtest_gte.exe,sem-bios,
2026-07-29T12:40:02+00:00,1311ba8,ps1-tests/cdrom/disc-swap,disc-swap.exe,sem-bios,
2026-07-29T12:40:02+00:00,1311ba8,ps1-tests/cdrom/getloc,getloc.exe,sem-bios,
2026-07-29T12:40:02+00:00,1311ba8,ps1-tests/cdrom/terminal,terminal.exe,sem-bios,
2026-07-29T12:40:02+00:00,1311ba8,ps1-tests/cdrom/timing,timing.exe,sem-bios,
2026-07-29T12:40:02+00:00,1311ba8,ps1-tests/cpu/access-time,access-time.exe,sem-bios,
2026-07-29T12:40:02+00:00,1311ba8,ps1-tests/cpu/code-in-io,code-in-io.exe,sem-bios,
2026-07-29T12:40:02+00:00,1311ba8,ps1-tests/cpu/cop,cop.exe,sem-bios,
2026-07-29T12:40:02+00:00,1311ba8,ps1-tests/cpu/io-access-bitwidth,io-access-bitwidth.exe,sem-bios,
2026-07-29T12:40:02+00:00,1311ba8,ps1-tests/dma/chain-looping,chain-looping.exe,sem-bios,
2026-07-29T12:40:02+00:00,1311ba8,ps1-tests/dma/chopping,chopping.exe,sem-bios,
2026-07-29T12:40:02+00:00,1311ba8,ps1-tests/dma/dpcr,dpcr.exe,sem-bios,
2026-07-29T12:40:02+00:00,1311ba8,ps1-tests/dma/otc-test,otc-test.exe,sem-bios,
2026-07-29T12:40:02+00:00,1311ba8,ps1-tests/gpu/animated-triangle,animated-triangle.exe,sem-bios,
2026-07-29T12:40:02+00:00,1311ba8,ps1-tests/gpu/bandwidth,bandwidth.exe,sem-bios,
2026-07-29T12:40:02+00:00,1311ba8,ps1-tests/gpu/benchmark,benchmark.exe,sem-bios,
2026-07-29T12:40:02+00:00,1311ba8,ps1-tests/gpu/clipping,clipping.exe,sem-bios,
2026-07-29T12:40:02+00:00,1311ba8,ps1-tests/gpu/clut-cache,clut-cache.exe,sem-bios,
2026-07-29T12:40:02+00:00,1311ba8,ps1-tests/gpu/gp0-e1,gp0-e1.exe,sem-bios,
2026-07-29T12:40:02+00:00,1311ba8,ps1-tests/gpu/lines,lines.exe,sem-bios,
2026-07-29T12:40:02+00:00,1311ba8,ps1-tests/gpu/mask-bit,mask-bit.exe,sem-bios,
2026-07-29T12:40:02+00:00,1311ba8,ps1-tests/gpu/quad,quad.exe,sem-bios,
2026-07-29T12:40:02+00:00,1311ba8,ps1-tests/gpu/rectangles,rectangles.exe,sem-bios,
2026-07-29T12:40:02+00:00,1311ba8,ps1-tests/gpu/texture-flip,texture-flip.exe,sem-bios,
2026-07-29T12:40:02+00:00,1311ba8,ps1-tests/gpu/texture-overflow,texture-overflow.exe,sem-bios,
2026-07-29T12:40:02+00:00,1311ba8,ps1-tests/gpu/transparency,transparency.exe,sem-bios,
2026-07-29T12:40:02+00:00,1311ba8,ps1-tests/gpu/triangle,triangle.exe,sem-bios,
2026-07-29T12:40:02+00:00,1311ba8,ps1-tests/gpu/uv-interpolation,uv-interpolation.exe,sem-bios,
2026-07-29T12:40:02+00:00,1311ba8,ps1-tests/gpu/version-detect,version-detect.exe,sem-bios,
2026-07-29T12:40:02+00:00,1311ba8,ps1-tests/gpu/vram-to-vram-overlap,vram-to-vram-overlap.exe,sem-bios,
2026-07-29T12:40:02+00:00,1311ba8,ps1-tests/gte-fuzz,gte-fuzz.exe,sem-bios,
2026-07-29T12:40:02+00:00,1311ba8,ps1-tests/gte/test-all,test-all.exe,sem-bios,
2026-07-29T12:40:02+00:00,1311ba8,ps1-tests/input/pad,pad.exe,sem-bios,
2026-07-29T12:40:02+00:00,1311ba8,ps1-tests/mdec/4bit,4bit.exe,sem-bios,
2026-07-29T12:40:02+00:00,1311ba8,ps1-tests/mdec/8bit,8bit.exe,sem-bios,
2026-07-29T12:40:02+00:00,1311ba8,ps1-tests/mdec/frame,frame-15bit-dma.exe,sem-bios,
2026-07-29T12:40:02+00:00,1311ba8,ps1-tests/mdec/frame,frame-15bit.exe,sem-bios,
2026-07-29T12:40:02+00:00,1311ba8,ps1-tests/mdec/frame,frame-24bit-dma.exe,sem-bios,
2026-07-29T12:40:02+00:00,1311ba8,ps1-tests/mdec/frame,frame-24bit.exe,sem-bios,
2026-07-29T12:40:02+00:00,1311ba8,ps1-tests/mdec/movie,movie-15bit.exe,sem-bios,
2026-07-29T12:40:02+00:00,1311ba8,ps1-tests/mdec/movie,movie-24bit.exe,sem-bios,
2026-07-29T12:40:02+00:00,1311ba8,ps1-tests/mdec/step-by-step-log,step-by-step-log.exe,sem-bios,
2026-07-29T12:40:02+00:00,1311ba8,ps1-tests/spu/memory-transfer,memory-transfer.exe,sem-bios,
2026-07-29T12:40:02+00:00,1311ba8,ps1-tests/spu/ram-sandbox,ram-sandbox.exe,sem-bios,
2026-07-29T12:40:02+00:00,1311ba8,ps1-tests/spu/stereo,stereo.exe,sem-bios,
2026-07-29T12:40:02+00:00,1311ba8,ps1-tests/spu/test,test.exe,sem-bios,
2026-07-29T12:40:02+00:00,1311ba8,ps1-tests/spu/toolbox,toolbox.exe,sem-bios,
2026-07-29T12:40:02+00:00,1311ba8,ps1-tests/timer-dump,timer-dump.exe,sem-bios,
2026-07-29T12:40:02+00:00,1311ba8,ps1-tests/timers,timers.exe,sem-bios,
2026-07-29T12:40:02+00:00,1311ba8,ps1-tests/tools/diffvram,diffvram-windows-amd64.exe,sem-bios,
2026-07-29T13:11:56+00:00,d15defd,amidog/cpu,psxtest_cpu.exe,sem-bios,
2026-07-29T13:11:56+00:00,d15defd,amidog/gte,psxtest_gte.exe,sem-bios,
2026-07-29T13:11:56+00:00,d15defd,ps1-tests/cdrom/disc-swap,disc-swap.exe,sem-bios,
2026-07-29T13:11:56+00:00,d15defd,ps1-tests/cdrom/getloc,getloc.exe,sem-bios,
2026-07-29T13:11:56+00:00,d15defd,ps1-tests/cdrom/terminal,terminal.exe,sem-bios,
2026-07-29T13:11:56+00:00,d15defd,ps1-tests/cdrom/timing,timing.exe,sem-bios,
2026-07-29T13:11:56+00:00,d15defd,ps1-tests/cpu/access-time,access-time.exe,sem-bios,
2026-07-29T13:11:56+00:00,d15defd,ps1-tests/cpu/code-in-io,code-in-io.exe,sem-bios,
2026-07-29T13:11:56+00:00,d15defd,ps1-tests/cpu/cop,cop.exe,sem-bios,
2026-07-29T13:11:56+00:00,d15defd,ps1-tests/cpu/io-access-bitwidth,io-access-bitwidth.exe,sem-bios,
2026-07-29T13:11:56+00:00,d15defd,ps1-tests/dma/chain-looping,chain-looping.exe,sem-bios,
2026-07-29T13:11:56+00:00,d15defd,ps1-tests/dma/chopping,chopping.exe,sem-bios,
2026-07-29T13:11:56+00:00,d15defd,ps1-tests/dma/dpcr,dpcr.exe,sem-bios,
2026-07-29T13:11:56+00:00,d15defd,ps1-tests/dma/otc-test,otc-test.exe,sem-bios,
2026-07-29T13:11:56+00:00,d15defd,ps1-tests/gpu/animated-triangle,animated-triangle.exe,sem-bios,
2026-07-29T13:11:56+00:00,d15defd,ps1-tests/gpu/bandwidth,bandwidth.exe,sem-bios,
2026-07-29T13:11:56+00:00,d15defd,ps1-tests/gpu/benchmark,benchmark.exe,sem-bios,
2026-07-29T13:11:56+00:00,d15defd,ps1-tests/gpu/clipping,clipping.exe,sem-bios,
2026-07-29T13:11:56+00:00,d15defd,ps1-tests/gpu/clut-cache,clut-cache.exe,sem-bios,
2026-07-29T13:11:56+00:00,d15defd,ps1-tests/gpu/gp0-e1,gp0-e1.exe,sem-bios,
2026-07-29T13:11:56+00:00,d15defd,ps1-tests/gpu/lines,lines.exe,sem-bios,
2026-07-29T13:11:56+00:00,d15defd,ps1-tests/gpu/mask-bit,mask-bit.exe,sem-bios,
2026-07-29T13:11:56+00:00,d15defd,ps1-tests/gpu/quad,quad.exe,sem-bios,
2026-07-29T13:11:56+00:00,d15defd,ps1-tests/gpu/rectangles,rectangles.exe,sem-bios,
2026-07-29T13:11:56+00:00,d15defd,ps1-tests/gpu/texture-flip,texture-flip.exe,sem-bios,
2026-07-29T13:11:56+00:00,d15defd,ps1-tests/gpu/texture-overflow,texture-overflow.exe,sem-bios,
2026-07-29T13:11:56+00:00,d15defd,ps1-tests/gpu/transparency,transparency.exe,sem-bios,
2026-07-29T13:11:56+00:00,d15defd,ps1-tests/gpu/triangle,triangle.exe,sem-bios,
2026-07-29T13:11:56+00:00,d15defd,ps1-tests/gpu/uv-interpolation,uv-interpolation.exe,sem-bios,
2026-07-29T13:11:56+00:00,d15defd,ps1-tests/gpu/version-detect,version-detect.exe,sem-bios,
2026-07-29T13:11:56+00:00,d15defd,ps1-tests/gpu/vram-to-vram-overlap,vram-to-vram-overlap.exe,sem-bios,
2026-07-29T13:11:56+00:00,d15defd,ps1-tests/gte-fuzz,gte-fuzz.exe,sem-bios,
2026-07-29T13:11:56+00:00,d15defd,ps1-tests/gte/test-all,test-all.exe,sem-bios,
2026-07-29T13:11:56+00:00,d15defd,ps1-tests/input/pad,pad.exe,sem-bios,
2026-07-29T13:11:56+00:00,d15defd,ps1-tests/mdec/4bit,4bit.exe,sem-bios,
2026-07-29T13:11:56+00:00,d15defd,ps1-tests/mdec/8bit,8bit.exe,sem-bios,
2026-07-29T13:11:56+00:00,d15defd,ps1-tests/mdec/frame,frame-15bit-dma.exe,sem-bios,
2026-07-29T13:11:56+00:00,d15defd,ps1-tests/mdec/frame,frame-15bit.exe,sem-bios,
2026-07-29T13:11:56+00:00,d15defd,ps1-tests/mdec/frame,frame-24bit-dma.exe,sem-bios,
2026-07-29T13:11:56+00:00,d15defd,ps1-tests/mdec/frame,frame-24bit.exe,sem-bios,
2026-07-29T13:11:56+00:00,d15defd,ps1-tests/mdec/movie,movie-15bit.exe,sem-bios,
2026-07-29T13:11:56+00:00,d15defd,ps1-tests/mdec/movie,movie-24bit.exe,sem-bios,
2026-07-29T13:11:56+00:00,d15defd,ps1-tests/mdec/step-by-step-log,step-by-step-log.exe,sem-bios,
2026-07-29T13:11:56+00:00,d15defd,ps1-tests/spu/memory-transfer,memory-transfer.exe,sem-bios,
2026-07-29T13:11:56+00:00,d15defd,ps1-tests/spu/ram-sandbox,ram-sandbox.exe,sem-bios,
2026-07-29T13:11:56+00:00,d15defd,ps1-tests/spu/stereo,stereo.exe,sem-bios,
2026-07-29T13:11:56+00:00,d15defd,ps1-tests/spu/test,test.exe,sem-bios,
2026-07-29T13:11:56+00:00,d15defd,ps1-tests/spu/toolbox,toolbox.exe,sem-bios,
2026-07-29T13:11:56+00:00,d15defd,ps1-tests/timer-dump,timer-dump.exe,sem-bios,
2026-07-29T13:11:56+00:00,d15defd,ps1-tests/timers,timers.exe,sem-bios,
2026-07-29T13:11:56+00:00,d15defd,ps1-tests/tools/diffvram,diffvram-windows-amd64.exe,sem-bios,
2026-07-29T15:08:02+00:00,2b1f995,amidog/cpu,psxtest_cpu.exe,sem-bios,
2026-07-29T15:08:02+00:00,2b1f995,amidog/gte,psxtest_gte.exe,sem-bios,
2026-07-29T15:08:02+00:00,2b1f995,ps1-tests/cdrom/disc-swap,disc-swap.exe,sem-bios,
2026-07-29T15:08:02+00:00,2b1f995,ps1-tests/cdrom/getloc,getloc.exe,sem-bios,
2026-07-29T15:08:02+00:00,2b1f995,ps1-tests/cdrom/terminal,terminal.exe,sem-bios,
2026-07-29T15:08:02+00:00,2b1f995,ps1-tests/cdrom/timing,timing.exe,sem-bios,
2026-07-29T15:08:02+00:00,2b1f995,ps1-tests/cpu/access-time,access-time.exe,sem-bios,
2026-07-29T15:08:02+00:00,2b1f995,ps1-tests/cpu/code-in-io,code-in-io.exe,sem-bios,
2026-07-29T15:08:02+00:00,2b1f995,ps1-tests/cpu/cop,cop.exe,sem-bios,
2026-07-29T15:08:02+00:00,2b1f995,ps1-tests/cpu/io-access-bitwidth,io-access-bitwidth.exe,sem-bios,
2026-07-29T15:08:02+00:00,2b1f995,ps1-tests/dma/chain-looping,chain-looping.exe,sem-bios,
2026-07-29T15:08:02+00:00,2b1f995,ps1-tests/dma/chopping,chopping.exe,sem-bios,
2026-07-29T15:08:02+00:00,2b1f995,ps1-tests/dma/dpcr,dpcr.exe,sem-bios,
2026-07-29T15:08:02+00:00,2b1f995,ps1-tests/dma/otc-test,otc-test.exe,sem-bios,
2026-07-29T15:08:02+00:00,2b1f995,ps1-tests/gpu/animated-triangle,animated-triangle.exe,sem-bios,
2026-07-29T15:08:02+00:00,2b1f995,ps1-tests/gpu/bandwidth,bandwidth.exe,sem-bios,
2026-07-29T15:08:02+00:00,2b1f995,ps1-tests/gpu/benchmark,benchmark.exe,sem-bios,
2026-07-29T15:08:02+00:00,2b1f995,ps1-tests/gpu/clipping,clipping.exe,sem-bios,
2026-07-29T15:08:02+00:00,2b1f995,ps1-tests/gpu/clut-cache,clut-cache.exe,sem-bios,
2026-07-29T15:08:02+00:00,2b1f995,ps1-tests/gpu/gp0-e1,gp0-e1.exe,sem-bios,
2026-07-29T15:08:02+00:00,2b1f995,ps1-tests/gpu/lines,lines.exe,sem-bios,
2026-07-29T15:08:02+00:00,2b1f995,ps1-tests/gpu/mask-bit,mask-bit.exe,sem-bios,
2026-07-29T15:08:02+00:00,2b1f995,ps1-tests/gpu/quad,quad.exe,sem-bios,
2026-07-29T15:08:02+00:00,2b1f995,ps1-tests/gpu/rectangles,rectangles.exe,sem-bios,
2026-07-29T15:08:02+00:00,2b1f995,ps1-tests/gpu/texture-flip,texture-flip.exe,sem-bios,
2026-07-29T15:08:02+00:00,2b1f995,ps1-tests/gpu/texture-overflow,texture-overflow.exe,sem-bios,
2026-07-29T15:08:02+00:00,2b1f995,ps1-tests/gpu/transparency,transparency.exe,sem-bios,
2026-07-29T15:08:02+00:00,2b1f995,ps1-tests/gpu/triangle,triangle.exe,sem-bios,
2026-07-29T15:08:02+00:00,2b1f995,ps1-tests/gpu/uv-interpolation,uv-interpolation.exe,sem-bios,
2026-07-29T15:08:02+00:00,2b1f995,ps1-tests/gpu/version-detect,version-detect.exe,sem-bios,
2026-07-29T15:08:02+00:00,2b1f995,ps1-tests/gpu/vram-to-vram-overlap,vram-to-vram-overlap.exe,sem-bios,
2026-07-29T15:08:02+00:00,2b1f995,ps1-tests/gte-fuzz,gte-fuzz.exe,sem-bios,
2026-07-29T15:08:02+00:00,2b1f995,ps1-tests/gte/test-all,test-all.exe,sem-bios,
2026-07-29T15:08:02+00:00,2b1f995,ps1-tests/input/pad,pad.exe,sem-bios,
2026-07-29T15:08:02+00:00,2b1f995,ps1-tests/mdec/4bit,4bit.exe,sem-bios,
2026-07-29T15:08:02+00:00,2b1f995,ps1-tests/mdec/8bit,8bit.exe,sem-bios,
2026-07-29T15:08:02+00:00,2b1f995,ps1-tests/mdec/frame,frame-15bit-dma.exe,sem-bios,
2026-07-29T15:08:02+00:00,2b1f995,ps1-tests/mdec/frame,frame-15bit.exe,sem-bios,
2026-07-29T15:08:02+00:00,2b1f995,ps1-tests/mdec/frame,frame-24bit-dma.exe,sem-bios,
2026-07-29T15:08:02+00:00,2b1f995,ps1-tests/mdec/frame,frame-24bit.exe,sem-bios,
2026-07-29T15:08:02+00:00,2b1f995,ps1-tests/mdec/movie,movie-15bit.exe,sem-bios,
2026-07-29T15:08:02+00:00,2b1f995,ps1-tests/mdec/movie,movie-24bit.exe,sem-bios,
2026-07-29T15:08:02+00:00,2b1f995,ps1-tests/mdec/step-by-step-log,step-by-step-log.exe,sem-bios,
2026-07-29T15:08:02+00:00,2b1f995,ps1-tests/spu/memory-transfer,memory-transfer.exe,sem-bios,
2026-07-29T15:08:02+00:00,2b1f995,ps1-tests/spu/ram-sandbox,ram-sandbox.exe,sem-bios,
2026-07-29T15:08:02+00:00,2b1f995,ps1-tests/spu/stereo,stereo.exe,sem-bios,
2026-07-29T15:08:02+00:00,2b1f995,ps1-tests/spu/test,test.exe,sem-bios,
2026-07-29T15:08:02+00:00,2b1f995,ps1-tests/spu/toolbox,toolbox.exe,sem-bios,
2026-07-29T15:08:02+00:00,2b1f995,ps1-tests/timer-dump,timer-dump.exe,sem-bios,
2026-07-29T15:08:02+00:00,2b1f995,ps1-tests/timers,timers.exe,sem-bios,
2026-07-29T15:08:02+00:00,2b1f995,ps1-tests/tools/diffvram,diffvram-windows-amd64.exe,sem-bios,
2026-07-29T16:27:23+00:00,5f5475a,ps1-tests/cdrom/disc-swap,disc-swap.exe,sem-bios,
2026-07-29T16:27:23+00:00,5f5475a,ps1-tests/cdrom/getloc,getloc.exe,sem-bios,
2026-07-29T16:27:23+00:00,5f5475a,ps1-tests/cdrom/terminal,terminal.exe,sem-bios,
2026-07-29T16:27:23+00:00,5f5475a,ps1-tests/cdrom/timing,timing.exe,sem-bios,
2026-07-29T16:27:23+00:00,5f5475a,ps1-tests/cpu/access-time,access-time.exe,sem-bios,
2026-07-29T16:27:23+00:00,5f5475a,ps1-tests/cpu/code-in-io,code-in-io.exe,sem-bios,
2026-07-29T16:27:23+00:00,5f5475a,ps1-tests/cpu/cop,cop.exe,sem-bios,
2026-07-29T16:27:23+00:00,5f5475a,ps1-tests/cpu/io-access-bitwidth,io-access-bitwidth.exe,sem-bios,
2026-07-29T16:27:23+00:00,5f5475a,ps1-tests/dma/chain-looping,chain-looping.exe,sem-bios,
2026-07-29T16:27:23+00:00,5f5475a,ps1-tests/dma/chopping,chopping.exe,sem-bios,
2026-07-29T16:27:23+00:00,5f5475a,ps1-tests/dma/dpcr,dpcr.exe,sem-bios,
2026-07-29T16:27:23+00:00,5f5475a,ps1-tests/dma/otc-test,otc-test.exe,sem-bios,
2026-07-29T16:27:23+00:00,5f5475a,ps1-tests/gpu/animated-triangle,animated-triangle.exe,sem-bios,
2026-07-29T16:27:23+00:00,5f5475a,ps1-tests/gpu/bandwidth,bandwidth.exe,sem-bios,
2026-07-29T16:27:23+00:00,5f5475a,ps1-tests/gpu/benchmark,benchmark.exe,sem-bios,
2026-07-29T16:27:23+00:00,5f5475a,ps1-tests/gpu/clipping,clipping.exe,sem-bios,
2026-07-29T16:27:23+00:00,5f5475a,ps1-tests/gpu/clut-cache,clut-cache.exe,sem-bios,
2026-07-29T16:27:23+00:00,5f5475a,ps1-tests/gpu/gp0-e1,gp0-e1.exe,sem-bios,
2026-07-29T16:27:23+00:00,5f5475a,ps1-tests/gpu/lines,lines.exe,sem-bios,
2026-07-29T16:27:23+00:00,5f5475a,ps1-tests/gpu/mask-bit,mask-bit.exe,sem-bios,
2026-07-29T16:27:23+00:00,5f5475a,ps1-tests/gpu/quad,quad.exe,sem-bios,
2026-07-29T16:27:23+00:00,5f5475a,ps1-tests/gpu/rectangles,rectangles.exe,sem-bios,
2026-07-29T16:27:23+00:00,5f5475a,ps1-tests/gpu/texture-flip,texture-flip.exe,sem-bios,
2026-07-29T16:27:23+00:00,5f5475a,ps1-tests/gpu/texture-overflow,texture-overflow.exe,sem-bios,
2026-07-29T16:27:23+00:00,5f5475a,ps1-tests/gpu/transparency,transparency.exe,sem-bios,
2026-07-29T16:27:23+00:00,5f5475a,ps1-tests/gpu/triangle,triangle.exe,sem-bios,
2026-07-29T16:27:23+00:00,5f5475a,ps1-tests/gpu/uv-interpolation,uv-interpolation.exe,sem-bios,
2026-07-29T16:27:23+00:00,5f5475a,ps1-tests/gpu/version-detect,version-detect.exe,sem-bios,
2026-07-29T16:27:23+00:00,5f5475a,ps1-tests/gpu/vram-to-vram-overlap,vram-to-vram-overlap.exe,sem-bios,
2026-07-29T16:27:23+00:00,5f5475a,ps1-tests/gte-fuzz,gte-fuzz.exe,sem-bios,
2026-07-29T16:27:23+00:00,5f5475a,ps1-tests/gte/test-all,test-all.exe,sem-bios,
2026-07-29T16:27:23+00:00,5f5475a,ps1-tests/input/pad,pad.exe,sem-bios,
2026-07-29T16:27:23+00:00,5f5475a,ps1-tests/mdec/4bit,4bit.exe,sem-bios,
2026-07-29T16:27:23+00:00,5f5475a,ps1-tests/mdec/8bit,8bit.exe,sem-bios,
2026-07-29T16:27:23+00:00,5f5475a,ps1-tests/mdec/frame,frame-15bit-dma.exe,sem-bios,
2026-07-29T16:27:23+00:00,5f5475a,ps1-tests/mdec/frame,frame-15bit.exe,sem-bios,
2026-07-29T16:27:23+00:00,5f5475a,ps1-tests/mdec/frame,frame-24bit-dma.exe,sem-bios,
2026-07-29T16:27:23+00:00,5f5475a,ps1-tests/mdec/frame,frame-24bit.exe,sem-bios,
2026-07-29T16:27:23+00:00,5f5475a,ps1-tests/mdec/movie,movie-15bit.exe,sem-bios,
2026-07-29T16:27:23+00:00,5f5475a,ps1-tests/mdec/movie,movie-24bit.exe,sem-bios,
2026-07-29T16:27:23+00:00,5f5475a,ps1-tests/mdec/step-by-step-log,step-by-step-log.exe,sem-bios,
2026-07-29T16:27:23+00:00,5f5475a,ps1-tests/spu/memory-transfer,memory-transfer.exe,sem-bios,
2026-07-29T16:27:23+00:00,5f5475a,ps1-tests/spu/ram-sandbox,ram-sandbox.exe,sem-bios,
2026-07-29T16:27:23+00:00,5f5475a,ps1-tests/spu/stereo,stereo.exe,sem-bios,
2026-07-29T16:27:23+00:00,5f5475a,ps1-tests/spu/test,test.exe,sem-bios,
2026-07-29T16:27:23+00:00,5f5475a,ps1-tests/spu/toolbox,toolbox.exe,sem-bios,
2026-07-29T16:27:23+00:00,5f5475a,ps1-tests/timer-dump,timer-dump.exe,sem-bios,
2026-07-29T16:27:23+00:00,5f5475a,ps1-tests/timers,timers.exe,sem-bios,
2026-07-29T16:27:23+00:00,5f5475a,ps1-tests/tools/diffvram,diffvram-windows-amd64.exe,sem-bios,
2026-07-29T16:54:44+00:00,9a914ba,ps1-tests/cdrom/disc-swap,disc-swap.exe,sem-bios,
2026-07-29T16:54:44+00:00,9a914ba,ps1-tests/cdrom/getloc,getloc.exe,sem-bios,
2026-07-29T16:54:44+00:00,9a914ba,ps1-tests/cdrom/terminal,terminal.exe,sem-bios,
2026-07-29T16:54:44+00:00,9a914ba,ps1-tests/cdrom/timing,timing.exe,sem-bios,
2026-07-29T16:54:44+00:00,9a914ba,ps1-tests/cpu/access-time,access-time.exe,sem-bios,
2026-07-29T16:54:44+00:00,9a914ba,ps1-tests/cpu/code-in-io,code-in-io.exe,sem-bios,
2026-07-29T16:54:44+00:00,9a914ba,ps1-tests/cpu/cop,cop.exe,sem-bios,
2026-07-29T16:54:44+00:00,9a914ba,ps1-tests/cpu/io-access-bitwidth,io-access-bitwidth.exe,sem-bios,
2026-07-29T16:54:44+00:00,9a914ba,ps1-tests/dma/chain-looping,chain-looping.exe,sem-bios,
2026-07-29T16:54:44+00:00,9a914ba,ps1-tests/dma/chopping,chopping.exe,sem-bios,
2026-07-29T16:54:44+00:00,9a914ba,ps1-tests/dma/dpcr,dpcr.exe,sem-bios,
2026-07-29T16:54:44+00:00,9a914ba,ps1-tests/dma/otc-test,otc-test.exe,sem-bios,
2026-07-29T16:54:44+00:00,9a914ba,ps1-tests/gpu/animated-triangle,animated-triangle.exe,sem-bios,
2026-07-29T16:54:44+00:00,9a914ba,ps1-tests/gpu/bandwidth,bandwidth.exe,sem-bios,
2026-07-29T16:54:44+00:00,9a914ba,ps1-tests/gpu/benchmark,benchmark.exe,sem-bios,
2026-07-29T16:54:44+00:00,9a914ba,ps1-tests/gpu/clipping,clipping.exe,sem-bios,
2026-07-29T16:54:44+00:00,9a914ba,ps1-tests/gpu/clut-cache,clut-cache.exe,sem-bios,
2026-07-29T16:54:44+00:00,9a914ba,ps1-tests/gpu/gp0-e1,gp0-e1.exe,sem-bios,
2026-07-29T16:54:44+00:00,9a914ba,ps1-tests/gpu/lines,lines.exe,sem-bios,
2026-07-29T16:54:44+00:00,9a914ba,ps1-tests/gpu/mask-bit,mask-bit.exe,sem-bios,
2026-07-29T16:54:44+00:00,9a914ba,ps1-tests/gpu/quad,quad.exe,sem-bios,
2026-07-29T16:54:44+00:00,9a914ba,ps1-tests/gpu/rectangles,rectangles.exe,sem-bios,
2026-07-29T16:54:44+00:00,9a914ba,ps1-tests/gpu/texture-flip,texture-flip.exe,sem-bios,
2026-07-29T16:54:44+00:00,9a914ba,ps1-tests/gpu/texture-overflow,texture-overflow.exe,sem-bios,
2026-07-29T16:54:44+00:00,9a914ba,ps1-tests/gpu/transparency,transparency.exe,sem-bios,
2026-07-29T16:54:44+00:00,9a914ba,ps1-tests/gpu/triangle,triangle.exe,sem-bios,
2026-07-29T16:54:44+00:00,9a914ba,ps1-tests/gpu/uv-interpolation,uv-interpolation.exe,sem-bios,
2026-07-29T16:54:44+00:00,9a914ba,ps1-tests/gpu/version-detect,version-detect.exe,sem-bios,
2026-07-29T16:54:44+00:00,9a914ba,ps1-tests/gpu/vram-to-vram-overlap,vram-to-vram-overlap.exe,sem-bios,
2026-07-29T16:54:44+00:00,9a914ba,ps1-tests/gte-fuzz,gte-fuzz.exe,sem-bios,
2026-07-29T16:54:44+00:00,9a914ba,ps1-tests/gte/test-all,test-all.exe,sem-bios,
2026-07-29T16:54:44+00:00,9a914ba,ps1-tests/input/pad,pad.exe,sem-bios,
2026-07-29T16:54:44+00:00,9a914ba,ps1-tests/mdec/4bit,4bit.exe,sem-bios,
2026-07-29T16:54:44+00:00,9a914ba,ps1-tests/mdec/8bit,8bit.exe,sem-bios,
2026-07-29T16:54:44+00:00,9a914ba,ps1-tests/mdec/frame,frame-15bit-dma.exe,sem-bios,
2026-07-29T16:54:44+00:00,9a914ba,ps1-tests/mdec/frame,frame-15bit.exe,sem-bios,
2026-07-29T16:54:44+00:00,9a914ba,ps1-tests/mdec/frame,frame-24bit-dma.exe,sem-bios,
2026-07-29T16:54:44+00:00,9a914ba,ps1-tests/mdec/frame,frame-24bit.exe,sem-bios,
2026-07-29T16:54:44+00:00,9a914ba,ps1-tests/mdec/movie,movie-15bit.exe,sem-bios,
2026-07-29T16:54:44+00:00,9a914ba,ps1-tests/mdec/movie,movie-24bit.exe,sem-bios,
2026-07-29T16:54:44+00:00,9a914ba,ps1-tests/mdec/step-by-step-log,step-by-step-log.exe,sem-bios,
2026-07-29T16:54:44+00:00,9a914ba,ps1-tests/spu/memory-transfer,memory-transfer.exe,sem-bios,
2026-07-29T16:54:44+00:00,9a914ba,ps1-tests/spu/ram-sandbox,ram-sandbox.exe,sem-bios,
2026-07-29T16:54:44+00:00,9a914ba,ps1-tests/spu/stereo,stereo.exe,sem-bios,
2026-07-29T16:54:44+00:00,9a914ba,ps1-tests/spu/test,test.exe,sem-bios,
2026-07-29T16:54:44+00:00,9a914ba,ps1-tests/spu/toolbox,toolbox.exe,sem-bios,
2026-07-29T16:54:44+00:00,9a914ba,ps1-tests/timer-dump,timer-dump.exe,sem-bios,
2026-07-29T16:54:44+00:00,9a914ba,ps1-tests/timers,timers.exe,sem-bios,
2026-07-29T16:54:44+00:00,9a914ba,ps1-tests/tools/diffvram,diffvram-windows-amd64.exe,sem-bios,
